"my-table_cell__z__zN,""my-table_cell__z__zN 2"",""link_link__96ppl"",""link_link__96ppl href"",""my-table_cell__z__zN 3"",""my-table_cell__z__zN 4"",""my-table_cell__z__zN 5"",""race-table_rt_login_button__FpopS"""
"1,""11:48:09"",""Yeray DURAN"",""https://utmb.world/en/runner/11756.yeray.duran"",""Spain"",""men"",""40-44"",""Login to access the UTMB Index"""
"2,""12:11:22"",""Alberto VINAGRE"",""https://utmb.world/en/runner/482522.alberto.vinagre"",""Spain"",""men"",""20-34"",""Login to access the UTMB Index"""
"3,""12:20:47"",""David LUTZARDO"",""https://utmb.world/en/runner/11750.david.lutzardo"",""Spain"",""men"",""35-39"",""Login to access the UTMB Index"""
"4,""12:31:47"",""Ion AZPIROZ"",""https://utmb.world/en/runner/13274.ion.azpiroz"",""Spain"",""men"",""35-39"",""Login to access the UTMB Index"""
"5,""12:51:19"",""Juan CHACON"",""https://utmb.world/en/runner/759628.juan.chacon"",""Spain"",""men"",""40-44"",""Login to access the UTMB Index"""
"6,""13:28:24"",""Jose Manuel LEON"",""https://utmb.world/en/runner/11764.josemanuel.leon"",""Spain"",""men"",""45-49"",""Login to access the UTMB Index"""
"7,""13:28:25"",""Agustin REYES"",""https://utmb.world/en/runner/226273.agustin.reyes"",""Spain"",""men"",""35-39"",""Login to access the UTMB Index"""
"8,""13:32:20"",""Ricardo LUIS TRUJILLO"",""https://utmb.world/en/runner/550995.ricardo.luistrujillo"",""Spain"",""men"",""35-39"",""Login to access the UTMB Index"""
"9,""13:35:22"",""Mark DARBYSHIRE"",""https://utmb.world/en/runner/1774285.mark.darbyshire"",""United Kingdom"",""men"",""40-44"",""Login to access the UTMB Index"""
"10,""13:37:57"",""Manuel Alexis MARTÍN LORENZO"",""https://utmb.world/en/runner/375547.manuelalexis.martinlorenzo"",""Spain"",""men"",""20-34"",""Login to access the UTMB Index"""
"11,""13:41:44"",""Sange SHERPA"",""https://utmb.world/en/runner/6302.sange.sherpa"",""Nepal"",""men"",""35-39"",""Login to access the UTMB Index"""
"12,""13:52:49"",""Salvador OLIVAS"",""https://utmb.world/en/runner/1109767.salvador.olivas"",""Spain"",""men"",""35-39"",""Login to access the UTMB Index"""
"13,""14:08:55"",""David DÍAZ AMADOR"",""https://utmb.world/en/runner/2616413.david.diazamador"",""Spain"",""men"",""20-34"",""Login to access the UTMB Index"""
"14,""14:10:33"",""Daniel ALONSO-SAYAR"",""https://utmb.world/en/runner/717591.daniel.alonsosayar"",""Spain"",""men"",""20-34"",""Login to access the UTMB Index"""
"15,""14:11:26"",""Roberto MARRERO PEREZ"",""https://utmb.world/en/runner/12634.roberto.marreroperez"",""Spain"",""men"",""40-44"",""Login to access the UTMB Index"""
"16,""14:20:59"",""Tini GARCIA"",""https://utmb.world/en/runner/380950.tini.garcia"",""Spain"",""men"",""40-44"",""Login to access the UTMB Index"""
"17,""14:27:23"",""Alberto SANCHEZ-BUSTARA"",""https://utmb.world/en/runner/172475.alberto.sanchezbustara"",""Spain"",""men"",""35-39"",""Login to access the UTMB Index"""
"18,""14:36:41"",""Leire MARTINEZ"",""https://utmb.world/en/runner/469697.leire.martinez"",""Spain"",""women"",""40-44"",""Login to access the UTMB Index"""
"19,""14:37:57"",""Santiago GARCIA-SORIA"",""https://utmb.world/en/runner/13639.santiago.garciasoria"",""Spain"",""men"",""40-44"",""Login to access the UTMB Index"""
"20,""14:43:05"",""Josue ARAN-GARCIA"",""https://utmb.world/en/runner/730959.josue.arangarcia"",""Spain"",""men"",""40-44"",""Login to access the UTMB Index"""
"21,""14:45:22"",""Jesus-Emilio CASTRO-PEREZ"",""https://utmb.world/en/runner/381145.jesusemilio.castroperez"",""Spain"",""men"",""35-39"",""Login to access the UTMB Index"""
"22,""14:46:51"",""David CATALAN-CORELLA"",""https://utmb.world/en/runner/126025.david.catalancorella"",""Spain"",""men"",""35-39"",""Login to access the UTMB Index"""
"23,""14:49:26"",""Marta MUIXI"",""https://utmb.world/en/runner/156128.marta.muixi"",""Spain"",""women"",""35-39"",""Login to access the UTMB Index"""
"24,""14:53:02"",""Javier TEJEDOR DIAZ"",""https://utmb.world/en/runner/1467585.javier.tejedordiaz"",""Spain"",""men"",""40-44"",""Login to access the UTMB Index"""
"25,""14:53:07"",""Juan-Carlos RODRIGUEZ-CASTILLA"",""https://utmb.world/en/runner/11776.juancarlos.rodriguezcastilla"",""Spain"",""men"",""50-54"",""Login to access the UTMB Index"""
"26,""14:53:48"",""Gianluca GALEATI"",""https://utmb.world/en/runner/20967.gianluca.galeati"",""Italy"",""men"",""35-39"",""Login to access the UTMB Index"""
"27,""14:55:35"",""Marcos Javier LUIS GONZALEZ"",""https://utmb.world/en/runner/234605.marcosjavier.luisgonzalez"",""Spain"",""men"",""40-44"",""Login to access the UTMB Index"""
"28,""14:56:32"",""Miguel GARCIA GUTIERREZ"",""https://utmb.world/en/runner/234731.miguel.garciagutierrez"",""Spain"",""men"",""60-64"",""Login to access the UTMB Index"""
"29,""15:03:54"",""Aleksandar DOMAZETOVIC"",""https://utmb.world/en/runner/56161.aleksandar.domazetovic"",""Montenegro"",""men"",""20-34"",""Login to access the UTMB Index"""
"30,""15:09:42"",""Jose Antonio RODRIGUEZ"",""https://utmb.world/en/runner/718061.joseantonio.rodriguez"",""Spain"",""men"",""35-39"",""Login to access the UTMB Index"""
"31,""15:11:06"",""Xerach RODRIGUEZ SANTANA"",""https://utmb.world/en/runner/587400.xerach.rodriguezsantana"",""Spain"",""men"",""35-39"",""Login to access the UTMB Index"""
"32,""15:11:48"",""Ioannis KOYRKOYRIKIS"",""https://utmb.world/en/runner/3156687.ioannis.koyrkoyrikis"",""Greece"",""men"",""45-49"",""Login to access the UTMB Index"""
"33,""15:15:13"",""Jose Javier ROLDAN GARCIA"",""https://utmb.world/en/runner/1510317.josejavier.roldangarcia"",""Spain"",""men"",""40-44"",""Login to access the UTMB Index"""
"34,""15:17:15"",""Jose Luis IGLESIAS"",""https://utmb.world/en/runner/452081.joseluis.iglesias"",""Spain"",""men"",""40-44"",""Login to access the UTMB Index"""
"35,""15:23:09"",""Irene GUEMBE IBANEZ"",""https://utmb.world/en/runner/1334205.irene.guembeibanez"",""Spain"",""women"",""35-39"",""Login to access the UTMB Index"""
"36,""15:24:05"",""John BENAMATI"",""https://utmb.world/en/runner/441156.john.benamati"",""Italy"",""men"",""45-49"",""Login to access the UTMB Index"""
"37,""15:25:33"",""Angel VILLEN"",""https://utmb.world/en/runner/234881.angel.villen"",""Spain"",""men"",""40-44"",""Login to access the UTMB Index"""
"38,""15:27:03"",""Aurelio TOCA RODRIGUEZ"",""https://utmb.world/en/runner/1286217.aurelio.tocarodriguez"",""Spain"",""men"",""40-44"",""Login to access the UTMB Index"""
"39,""15:28:29"",""Arkaitz ITURRIAGA-ETXEBARRIA"",""https://utmb.world/en/runner/513836.arkaitz.iturriagaetxebarria"",""Spain"",""men"",""40-44"",""Login to access the UTMB Index"""
"40,""15:28:30"",""Unai AIZPURU"",""https://utmb.world/en/runner/3156689.unai.aizpuru"",""Spain"",""men"",""35-39"",""Login to access the UTMB Index"""
"41,""15:35:24"",""Daniel SANTOS GARRIDO"",""https://utmb.world/en/runner/1242193.daniel.santosgarrido"",""Spain"",""men"",""40-44"",""Login to access the UTMB Index"""
"42,""15:41:51"",""Jordi PINYOL"",""https://utmb.world/en/runner/13399.jordi.pinyol"",""Spain"",""men"",""40-44"",""Login to access the UTMB Index"""
"43,""15:43:07"",""Ivan PEREZ-CARLOS"",""https://utmb.world/en/runner/441185.ivan.perezcarlos"",""Spain"",""men"",""35-39"",""Login to access the UTMB Index"""
"44,""15:48:41"",""Moises SOLA-CORDOBA"",""https://utmb.world/en/runner/312381.moises.solacordoba"",""Spain"",""men"",""20-34"",""Login to access the UTMB Index"""
"45,""15:53:06"",""Jorge-Antonio GARCIA-MACIAS"",""https://utmb.world/en/runner/723974.jorgeantonio.garciamacias"",""Spain"",""men"",""40-44"",""Login to access the UTMB Index"""
"46,""15:57:50"",""Paolo VITALI"",""https://utmb.world/en/runner/630349.paolo.vitali"",""Italy"",""men"",""20-34"",""Login to access the UTMB Index"""
"47,""15:57:56"",""Aitor PEREZ BERGADO"",""https://utmb.world/en/runner/729118.aitor.perezbergado"",""Spain"",""men"",""20-34"",""Login to access the UTMB Index"""
"48,""16:11:44"",""Raul BARRIOCANAL MANCERA"",""https://utmb.world/en/runner/1304597.raul.barriocanalmancera"",""Spain"",""men"",""40-44"",""Login to access the UTMB Index"""
"49,""16:14:26"",""Inaki SANTOS-GARCIA"",""https://utmb.world/en/runner/124598.inaki.santosgarcia"",""Spain"",""men"",""45-49"",""Login to access the UTMB Index"""
"50,""16:14:26"",""Juantxo MARTINEZ-CUBERO"",""https://utmb.world/en/runner/326860.juantxo.martinezcubero"",""Spain"",""men"",""45-49"",""Login to access the UTMB Index"""
"51,""16:15:05"",""Victor-Manuel GONZALEZ-CEJAS"",""https://utmb.world/en/runner/550968.victormanuel.gonzalezcejas"",""Spain"",""men"",""40-44"",""Login to access the UTMB Index"""
"52,""16:15:06"",""Aaron ARENCIBIA"",""https://utmb.world/en/runner/907819.aaron.arencibia"",""Spain"",""men"",""35-39"",""Login to access the UTMB Index"""
"53,""16:19:13"",""Xoan RODRÍGUEZ-BERMÚDEZ"",""https://utmb.world/en/runner/401911.xoan.rodriguezbermudez"",""Spain"",""men"",""50-54"",""Login to access the UTMB Index"""
"54,""16:21:05"",""Joaquín DE LA NUEZ-HERNÁNDEZ"",""https://utmb.world/en/runner/366778.joaquin.delanuezhernandez"",""Spain"",""men"",""40-44"",""Login to access the UTMB Index"""
"55,""16:22:37"",""Jacinto GONZALEZ-BERMUDEZ"",""https://utmb.world/en/runner/156061.jacinto.gonzalezbermudez"",""Spain"",""men"",""50-54"",""Login to access the UTMB Index"""
"56,""16:24:51"",""Bruno Roman PADRON PEREZ"",""https://utmb.world/en/runner/272616.brunoroman.padronperez"",""Spain"",""men"",""35-39"",""Login to access the UTMB Index"""
"57,""16:26:00"",""Juan GINER-NAVARRO"",""https://utmb.world/en/runner/898117.juan.ginernavarro"",""Spain"",""men"",""35-39"",""Login to access the UTMB Index"""
"58,""16:26:07"",""Samuel RAVELO"",""https://utmb.world/en/runner/375499.samuel.ravelo"",""Spain"",""men"",""35-39"",""Login to access the UTMB Index"""
"59,""16:26:55"",""Jose-Carlos SANCHO-MEDINA"",""https://utmb.world/en/runner/944943.josecarlos.sanchomedina"",""Spain"",""men"",""40-44"",""Login to access the UTMB Index"""
"60,""16:27:10"",""Jose-Angel DIAZ-GONZÁLEZ"",""https://utmb.world/en/runner/702115.joseangel.diazgonzalez"",""Spain"",""men"",""35-39"",""Login to access the UTMB Index"""
"61,""16:33:14"",""Jose Carlos ALONSO GIL"",""https://utmb.world/en/runner/1747097.josecarlos.alonsogil"",""Spain"",""men"",""40-44"",""Login to access the UTMB Index"""
"62,""16:33:59"",""Sonia ESCURIOLA"",""https://utmb.world/en/runner/124758.sonia.escuriola"",""Spain"",""women"",""35-39"",""Login to access the UTMB Index"""
"63,""16:35:04"",""Robin LAINE"",""https://utmb.world/en/runner/624502.robin.laine"",""France"",""men"",""35-39"",""Login to access the UTMB Index"""
"64,""16:39:45"",""Pedro Miguel PERERA MAGDALENA"",""https://utmb.world/en/runner/11799.pedromiguel.pereramagdalena"",""Spain"",""men"",""50-54"",""Login to access the UTMB Index"""
"65,""16:40:29"",""David COLINA"",""https://utmb.world/en/runner/2022933.david.colina"",""Spain"",""men"",""20-34"",""Login to access the UTMB Index"""
"66,""16:40:30"",""Erik GILLENIUS"",""https://utmb.world/en/runner/1036273.erik.gillenius"",""Sweden"",""men"",""20-34"",""Login to access the UTMB Index"""
"67,""16:41:27"",""Joseba MURGOITIO LIZUNDIA"",""https://utmb.world/en/runner/723854.joseba.murgoitiolizundia"",""Spain"",""men"",""35-39"",""Login to access the UTMB Index"""
"68,""16:41:37"",""Marc SOLE AMETLLER"",""https://utmb.world/en/runner/482520.marc.soleametller"",""Spain"",""men"",""35-39"",""Login to access the UTMB Index"""
"69,""16:44:55"",""Alvaro IGLESIAS"",""https://utmb.world/en/runner/1510507.alvaro.iglesias"",""Spain"",""men"",""20-34"",""Login to access the UTMB Index"""
"70,""16:48:33"",""José-Manuel GONZALEZ-LEON"",""https://utmb.world/en/runner/1001909.josemanuel.gonzalezleon"",""Spain"",""men"",""40-44"",""Login to access the UTMB Index"""
"71,""16:50:35"",""Manuel HERNANDEZ BARRERA"",""https://utmb.world/en/runner/1673585.manuel.hernandezbarrera"",""Spain"",""men"",""35-39"",""Login to access the UTMB Index"""
"72,""16:50:51"",""Arsenio MARTIN-GONZALEZ"",""https://utmb.world/en/runner/380955.arsenio.martingonzalez"",""Spain"",""men"",""45-49"",""Login to access the UTMB Index"""
"73,""16:55:34"",""Jacob PINAZO"",""https://utmb.world/en/runner/1371405.jacob.pinazo"",""Spain"",""men"",""35-39"",""Login to access the UTMB Index"""
"74,""16:57:27"",""David HERRERA-SUAREZ"",""https://utmb.world/en/runner/907881.david.herrerasuarez"",""Spain"",""men"",""45-49"",""Login to access the UTMB Index"""
"75,""16:59:52"",""David HERNÁNDEZ ABREU"",""https://utmb.world/en/runner/1383547.david.hernandezabreu"",""Spain"",""men"",""20-34"",""Login to access the UTMB Index"""
"76,""17:00:05"",""Giorgio FESTA"",""https://utmb.world/en/runner/29995.giorgio.festa"",""Italy"",""men"",""45-49"",""Login to access the UTMB Index"""
"77,""17:01:21"",""Pedro Jesus MARRERO VEGA"",""https://utmb.world/en/runner/1614423.pedrojesus.marrerovega"",""Spain"",""men"",""35-39"",""Login to access the UTMB Index"""
"78,""17:05:54"",""Victor Moises NONATO PEREZ"",""https://utmb.world/en/runner/12051.victormoises.nonatoperez"",""Spain"",""men"",""45-49"",""Login to access the UTMB Index"""
"79,""17:06:13"",""Natalia PENDAS FRANCO"",""https://utmb.world/en/runner/1145633.natalia.pendasfranco"",""Spain"",""women"",""35-39"",""Login to access the UTMB Index"""
"80,""17:06:40"",""Jason SCANLON"",""https://utmb.world/en/runner/407040.jason.scanlon"",""United Kingdom"",""men"",""45-49"",""Login to access the UTMB Index"""
"81,""17:09:35"",""Jose BORDON"",""https://utmb.world/en/runner/963115.jose.bordon"",""Spain"",""men"",""20-34"",""Login to access the UTMB Index"""
"82,""17:10:37"",""Miguel RODRIGUEZ-GARCIA"",""https://utmb.world/en/runner/375441.miguel.rodriguezgarcia"",""Spain"",""men"",""40-44"",""Login to access the UTMB Index"""
"83,""17:14:41"",""Raul SANTANA QUINTANA"",""https://utmb.world/en/runner/3156693.raul.santanaquintana"",""Spain"",""men"",""45-49"",""Login to access the UTMB Index"""
"84,""17:16:09"",""Ana RICO-ENRIQUEZ"",""https://utmb.world/en/runner/944919.ana.ricoenriquez"",""Spain"",""women"",""40-44"",""Login to access the UTMB Index"""
"85,""17:19:09"",""Tomas SALVADOR-FUENTES"",""https://utmb.world/en/runner/944981.tomas.salvadorfuentes"",""Spain"",""men"",""40-44"",""Login to access the UTMB Index"""
"86,""17:24:26"",""Manuel-Jesus BANEGAS-MUELA"",""https://utmb.world/en/runner/778028.manueljesus.banegasmuela"",""Spain"",""men"",""40-44"",""Login to access the UTMB Index"""
"87,""17:27:32"",""Jorge PERDOMO"",""https://utmb.world/en/runner/917173.jorge.perdomo"",""Spain"",""men"",""40-44"",""Login to access the UTMB Index"""
"88,""17:27:36"",""Sascha VELTEN"",""https://utmb.world/en/runner/63403.sascha.velten"",""Germany"",""men"",""45-49"",""Login to access the UTMB Index"""
"89,""17:28:01"",""Francisco-Javier MARRERO-DIAZ"",""https://utmb.world/en/runner/366775.franciscojavier.marrerodiaz"",""Spain"",""men"",""40-44"",""Login to access the UTMB Index"""
"90,""17:30:36"",""Andrea NORIS"",""https://utmb.world/en/runner/1503049.andrea.noris"",""Italy"",""men"",""20-34"",""Login to access the UTMB Index"""
"91,""17:34:14"",""Fabio ANDRIOLETTI"",""https://utmb.world/en/runner/2114473.fabio.andrioletti"",""Italy"",""men"",""20-34"",""Login to access the UTMB Index"""
"92,""17:36:03"",""Ricardo Javier CASTRILLO PIÑERO"",""https://utmb.world/en/runner/1423913.ricardojavier.castrillopinero"",""Spain"",""men"",""45-49"",""Login to access the UTMB Index"""
"93,""17:36:08"",""Samuel RICO MARTOS"",""https://utmb.world/en/runner/2081017.samuel.ricomartos"",""Spain"",""men"",""35-39"",""Login to access the UTMB Index"""
"94,""17:38:15"",""Vicente MEDALL RAMOS"",""https://utmb.world/en/runner/660254.vicente.medallramos"",""Spain"",""men"",""35-39"",""Login to access the UTMB Index"""
"95,""17:41:19"",""Richard SHLOVOGT"",""https://utmb.world/en/runner/812779.richard.shlovogt"",""United Kingdom"",""men"",""40-44"",""Login to access the UTMB Index"""
"96,""17:44:09"",""Athanasios DASKALOPOULOS"",""https://utmb.world/en/runner/619806.athanasios.daskalopoulos"",""Greece"",""men"",""40-44"",""Login to access the UTMB Index"""
"97,""17:44:38"",""Jesus Angel RUBIAL SAIZ"",""https://utmb.world/en/runner/1470433.jesusangel.rubialsaiz"",""Spain"",""men"",""40-44"",""Login to access the UTMB Index"""
"98,""17:45:24"",""Sebastian PICHLER"",""https://utmb.world/en/runner/82778.sebastian.pichler"",""Austria"",""men"",""35-39"",""Login to access the UTMB Index"""
"99,""17:46:48"",""Rafael ROMAGUERA"",""https://utmb.world/en/runner/1572351.rafael.romaguera"",""Spain"",""men"",""40-44"",""Login to access the UTMB Index"""
"100,""17:49:22"",""Ivan Alberto DIAZ GONZALEZ"",""https://utmb.world/en/runner/226063.ivanalberto.diazgonzalez"",""Spain"",""men"",""35-39"",""Login to access the UTMB Index"""
"101,""17:54:44"",""Jan KASPAR"",""https://utmb.world/en/runner/604063.jan.kaspar"",""Czech Republic"",""men"",""40-44"",""Login to access the UTMB Index"""
"102,""17:55:04"",""Ibrahim GONZALEZ-GONZALEZ"",""https://utmb.world/en/runner/980037.ibrahim.gonzalezgonzalez"",""Spain"",""men"",""20-34"",""Login to access the UTMB Index"""
"103,""17:56:20"",""Jose Mario RAMIREZ HERNANDEZ"",""https://utmb.world/en/runner/2103271.josemario.ramirezhernandez"",""Mexico"",""men"",""20-34"",""Login to access the UTMB Index"""
"104,""17:59:32"",""Francisco-Javier HERNANDEZ-SANCHEZ"",""https://utmb.world/en/runner/11817.franciscojavier.hernandezsanchez"",""Spain"",""men"",""50-54"",""Login to access the UTMB Index"""
"105,""17:59:44"",""Francisco-Javier BORREDA-CAPELLA"",""https://utmb.world/en/runner/383250.franciscojavier.borredacapella"",""Spain"",""men"",""45-49"",""Login to access the UTMB Index"""
"106,""17:59:46"",""Rafa FUSTER-RODRIGUEZ"",""https://utmb.world/en/runner/500216.rafa.fusterrodriguez"",""Spain"",""men"",""35-39"",""Login to access the UTMB Index"""
"107,""18:03:40"",""Nicolas MARTIN GONZALEZ"",""https://utmb.world/en/runner/375277.nicolas.martingonzalez"",""Spain"",""men"",""40-44"",""Login to access the UTMB Index"""
"108,""18:03:42"",""Jose-Francisco SUAREZ-OJEDA"",""https://utmb.world/en/runner/587699.josefrancisco.suarezojeda"",""Spain"",""men"",""50-54"",""Login to access the UTMB Index"""
"109,""18:10:04"",""Antonio NUEZ CRUZ"",""https://utmb.world/en/runner/1472283.antonio.nuezcruz"",""Spain"",""men"",""40-44"",""Login to access the UTMB Index"""
"110,""18:11:57"",""Francisco Javier LUCAS HERNANDEZ"",""https://utmb.world/en/runner/1484021.franciscojavier.lucashernandez"",""Spain"",""men"",""40-44"",""Login to access the UTMB Index"""
"111,""18:12:22"",""Raquel RIVERO-DELGADO"",""https://utmb.world/en/runner/11813.raquel.riverodelgado"",""Spain"",""women"",""40-44"",""Login to access the UTMB Index"""
"112,""18:13:42"",""Eduardo FALCON CASTELLANO"",""https://utmb.world/en/runner/200139.eduardo.falconcastellano"",""Spain"",""men"",""45-49"",""Login to access the UTMB Index"""
"113,""18:15:40"",""Davinia DENIZ"",""https://utmb.world/en/runner/957519.davinia.deniz"",""Spain"",""women"",""20-34"",""Login to access the UTMB Index"""
"114,""18:16:11"",""Rubén ÁLVAREZ-SOTO (Ruben ALVAREZ SOTO)"",""https://utmb.world/en/runner/1051749.ruben.alvarezsoto"",""Spain"",""men"",""40-44"",""Login to access the UTMB Index"""
"115,""18:17:39"",""Tenesor MARTIN-MORALES"",""https://utmb.world/en/runner/381136.tenesor.martinmorales"",""Spain"",""men"",""40-44"",""Login to access the UTMB Index"""
"116,""18:18:24"",""Juan Ángel RODRÍGUEZ AZNAR"",""https://utmb.world/en/runner/1793693.juanangel.rodriguezaznar"",""Spain"",""men"",""35-39"",""Login to access the UTMB Index"""
"117,""18:19:59"",""Juan-Diego GUERRA-RODRIGUEZ"",""https://utmb.world/en/runner/423132.juandiego.guerrarodriguez"",""Spain"",""men"",""40-44"",""Login to access the UTMB Index"""
"118,""18:28:48"",""Jose Manuel SANTOS POSE"",""https://utmb.world/en/runner/1125899.josemanuel.santospose"",""Spain"",""men"",""45-49"",""Login to access the UTMB Index"""
"119,""18:32:24"",""Dominik GLASER"",""https://utmb.world/en/runner/876173.dominik.glaser"",""Austria"",""men"",""35-39"",""Login to access the UTMB Index"""
"120,""18:33:16"",""Domingo RODRÍGUEZ-SAN NICOLÁS"",""https://utmb.world/en/runner/797635.domingo.rodriguezsannicolas"",""Spain"",""men"",""40-44"",""Login to access the UTMB Index"""
"121,""18:34:07"",""Livio GATTI"",""https://utmb.world/en/runner/600127.livio.gatti"",""Italy"",""men"",""50-54"",""Login to access the UTMB Index"""
"122,""18:34:18"",""Agustin GARCIA FARIÑA"",""https://utmb.world/en/runner/3156695.agustin.garciafarina"",""Spain"",""men"",""45-49"",""Login to access the UTMB Index"""
"123,""18:34:35"",""Gemma GAME"",""https://utmb.world/en/runner/597708.gemma.game"",""United Kingdom"",""women"",""40-44"",""Login to access the UTMB Index"""
"124,""18:37:22"",""Urko JOKANO"",""https://utmb.world/en/runner/13791.urko.jokano"",""Spain"",""men"",""45-49"",""Login to access the UTMB Index"""
"125,""18:37:44"",""David CACICEDO-CABRERA"",""https://utmb.world/en/runner/264633.david.cacicedocabrera"",""Spain"",""men"",""40-44"",""Login to access the UTMB Index"""
"126,""18:47:47"",""Thomas KETTELER"",""https://utmb.world/en/runner/298080.thomas.ketteler"",""Germany"",""men"",""45-49"",""Login to access the UTMB Index"""
"127,""18:48:37"",""Sergei SURMONIN"",""https://utmb.world/en/runner/753072.sergei.surmonin"",""Russia"",""men"",""50-54"",""Login to access the UTMB Index"""
"128,""18:49:07"",""Miguel RAMIREZ NAVARRO"",""https://utmb.world/en/runner/416963.miguel.ramireznavarro"",""Spain"",""men"",""40-44"",""Login to access the UTMB Index"""
"129,""18:49:16"",""Fabien MARIEZ"",""https://utmb.world/en/runner/6959.fabien.mariez"",""France"",""men"",""45-49"",""Login to access the UTMB Index"""
"130,""18:49:26"",""Patricio Roberto VELEZ QUISHPA"",""https://utmb.world/en/runner/3156697.patricioroberto.velezquishpa"",""Spain"",""men"",""35-39"",""Login to access the UTMB Index"""
"131,""18:51:06"",""Juan-Miguel MEDINA-PERDOMO"",""https://utmb.world/en/runner/208402.juanmiguel.medinaperdomo"",""Spain"",""men"",""40-44"",""Login to access the UTMB Index"""
"132,""18:54:51"",""Montse MOROTE"",""https://utmb.world/en/runner/1123537.montse.morote"",""Spain"",""women"",""40-44"",""Login to access the UTMB Index"""
"133,""18:54:58"",""Christophe THOMAS"",""https://utmb.world/en/runner/196281.christophe.thomas"",""Belgium"",""men"",""40-44"",""Login to access the UTMB Index"""
"134,""18:55:00"",""Sandrine ROZENBERG"",""https://utmb.world/en/runner/65614.sandrine.rozenberg"",""Belgium"",""women"",""45-49"",""Login to access the UTMB Index"""
"135,""18:57:56"",""Maria Lorena RAMIREZ NAHUEACHI"",""https://utmb.world/en/runner/2103305.marialorena.ramireznahueachi"",""Mexico"",""women"",""20-34"",""Login to access the UTMB Index"""
"136,""18:58:18"",""Juan Luis RODRIGUEZ AGUIAR"",""https://utmb.world/en/runner/3156699.juanluis.rodriguezaguiar"",""Spain"",""men"",""45-49"",""Login to access the UTMB Index"""
"137,""19:00:57"",""Angel-Santiago GIL PERDOMO"",""https://utmb.world/en/runner/226066.angelsantiago.gilperdomo"",""Spain"",""men"",""45-49"",""Login to access the UTMB Index"""
"138,""19:01:20"",""Sergio TALENS-GIL"",""https://utmb.world/en/runner/383398.sergio.talensgil"",""Spain"",""men"",""45-49"",""Login to access the UTMB Index"""
"139,""19:01:40"",""Mariano Ezequiel CALCAGNO"",""https://utmb.world/en/runner/2052387.marianoezequiel.calcagno"",""Spain"",""men"",""45-49"",""Login to access the UTMB Index"""
"140,""19:02:33"",""Roger AULINAS"",""https://utmb.world/en/runner/1506669.roger.aulinas"",""Spain"",""men"",""35-39"",""Login to access the UTMB Index"""
"141,""19:04:45"",""Maria Gema DEL VALLE"",""https://utmb.world/en/runner/635955.mariagema.delvalle"",""Spain"",""women"",""40-44"",""Login to access the UTMB Index"""
"142,""19:12:23"",""Gorka REMON PEREZ"",""https://utmb.world/en/runner/1998323.gorka.remonperez"",""Spain"",""men"",""20-34"",""Login to access the UTMB Index"""
"143,""19:12:26"",""Ivan SUAREZ BARDON"",""https://utmb.world/en/runner/1317827.ivan.suarezbardon"",""Spain"",""men"",""35-39"",""Login to access the UTMB Index"""
"144,""19:12:39"",""Daniel RAMOS MENDOZA"",""https://utmb.world/en/runner/1469201.daniel.ramosmendoza"",""Spain"",""men"",""20-34"",""Login to access the UTMB Index"""
"145,""19:14:18"",""Diego GUERRA-GIL"",""https://utmb.world/en/runner/797691.diego.guerragil"",""Spain"",""men"",""35-39"",""Login to access the UTMB Index"""
"146,""19:16:32"",""Yeray RAMOS GONZALEZ"",""https://utmb.world/en/runner/1286771.yeray.ramosgonzalez"",""Spain"",""men"",""35-39"",""Login to access the UTMB Index"""
"147,""19:19:29"",""Edu GONZALEZ BADAJOZ"",""https://utmb.world/en/runner/2381039.edu.gonzalezbadajoz"",""Spain"",""men"",""35-39"",""Login to access the UTMB Index"""
"148,""19:20:24"",""Claudio ACOSTA-VERONA"",""https://utmb.world/en/runner/833333.claudio.acostaverona"",""Spain"",""men"",""45-49"",""Login to access the UTMB Index"""
"149,""19:24:05"",""Thomas BECK"",""https://utmb.world/en/runner/3156701.thomas.beck"",""Denmark"",""men"",""40-44"",""Login to access the UTMB Index"""
"150,""19:26:37"",""Lorenzo RIGODANZA"",""https://utmb.world/en/runner/672938.lorenzo.rigodanza"",""Italy"",""men"",""55-59"",""Login to access the UTMB Index"""
"151,""19:28:14"",""Pedro LEON-MARANTE"",""https://utmb.world/en/runner/372496.pedro.leonmarante"",""Spain"",""men"",""20-34"",""Login to access the UTMB Index"""
"152,""19:33:10"",""Julio-Jose MAYAL-GOMEZ"",""https://utmb.world/en/runner/175777.juliojose.mayalgomez"",""Spain"",""men"",""40-44"",""Login to access the UTMB Index"""
"153,""19:34:02"",""Jesus-Manuel GONZALEZ-MENDEZ"",""https://utmb.world/en/runner/13112.jesusmanuel.gonzalezmendez"",""Spain"",""men"",""50-54"",""Login to access the UTMB Index"""
"154,""19:43:20"",""Franck BERTEAU"",""https://utmb.world/en/runner/736711.franck.berteau"",""France"",""men"",""20-34"",""Login to access the UTMB Index"""
"155,""19:45:55"",""Maik BECKER"",""https://utmb.world/en/runner/1476023.maik.becker"",""Switzerland"",""men"",""45-49"",""Login to access the UTMB Index"""
"156,""19:49:30"",""Anonymous"",""https://utmb.world/en/runner/null"",""Spain"",""men"",""45-49"",""Login to access the UTMB Index"""
"157,""19:49:36"",""Francisco-Javier MENDEZ-CEJAS"",""https://utmb.world/en/runner/925273.franciscojavier.mendezcejas"",""Spain"",""men"",""50-54"",""Login to access the UTMB Index"""
"158,""19:50:04"",""Lorenzo-David GONZALEZ-RODRIGUEZ"",""https://utmb.world/en/runner/226170.lorenzodavid.gonzalezrodriguez"",""Spain"",""men"",""40-44"",""Login to access the UTMB Index"""
"159,""19:50:09"",""Jose Luis CUEVAS"",""https://utmb.world/en/runner/550897.joseluis.cuevas"",""Spain"",""men"",""35-39"",""Login to access the UTMB Index"""
"160,""19:53:39"",""Arcadio PEREZ-MARTIN"",""https://utmb.world/en/runner/226153.arcadio.perezmartin"",""Spain"",""men"",""50-54"",""Login to access the UTMB Index"""
"161,""19:54:50"",""Jose-Antonio SALGADO-MANGAS"",""https://utmb.world/en/runner/13507.joseantonio.salgadomangas"",""Spain"",""men"",""60-64"",""Login to access the UTMB Index"""
"162,""19:54:51"",""Maria-Elena FERRERES-SEBASTIA"",""https://utmb.world/en/runner/7531.mariaelena.ferreressebastia"",""Spain"",""women"",""55-59"",""Login to access the UTMB Index"""
"163,""19:55:31"",""Marcos-Alexis LEON-PEREZ"",""https://utmb.world/en/runner/226255.marcosalexis.leonperez"",""Spain"",""men"",""45-49"",""Login to access the UTMB Index"""
"164,""19:55:34"",""Carmelo ZERPA-ARMAS"",""https://utmb.world/en/runner/31877.carmelo.zerpaarmas"",""Spain"",""men"",""45-49"",""Login to access the UTMB Index"""
"165,""19:59:03"",""Juan-Angel GOMEZ-MAIZ"",""https://utmb.world/en/runner/401799.juanangel.gomezmaiz"",""Spain"",""men"",""45-49"",""Login to access the UTMB Index"""
"166,""20:00:10"",""Alfonso ZAMBRANO-RODRIGUEZ"",""https://utmb.world/en/runner/633528.alfonso.zambranorodriguez"",""Spain"",""men"",""40-44"",""Login to access the UTMB Index"""
"167,""20:00:11"",""Victor GALAN-MARTINEZ"",""https://utmb.world/en/runner/604745.victor.galanmartinez"",""Spain"",""men"",""40-44"",""Login to access the UTMB Index"""
"168,""20:03:04"",""Agoney CURBELO-GUERRA"",""https://utmb.world/en/runner/925243.agoney.curbeloguerra"",""Spain"",""men"",""35-39"",""Login to access the UTMB Index"""
"169,""20:03:52"",""Johnny QUINTANA MARTIN"",""https://utmb.world/en/runner/271461.johnny.quintanamartin"",""Spain"",""men"",""50-54"",""Login to access the UTMB Index"""
"170,""20:04:07"",""Jonatan MARTIN"",""https://utmb.world/en/runner/372528.jonatan.martin"",""Spain"",""men"",""35-39"",""Login to access the UTMB Index"""
"171,""20:04:11"",""Raffaello ODORIZZI"",""https://utmb.world/en/runner/471830.raffaello.odorizzi"",""Italy"",""men"",""45-49"",""Login to access the UTMB Index"""
"172,""20:04:24"",""Dorte DAHL"",""https://utmb.world/en/runner/167979.dorte.dahl"",""Denmark"",""women"",""50-54"",""Login to access the UTMB Index"""
"173,""20:04:26"",""Hermelo CONCEPCIÓN MARTIN"",""https://utmb.world/en/runner/1424029.hermelo.concepcionmartin"",""Spain"",""men"",""50-54"",""Login to access the UTMB Index"""
"174,""20:06:32"",""Jose-Ramon HERNANDEZ-SANTANA"",""https://utmb.world/en/runner/551018.joseramon.hernandezsantana"",""Spain"",""men"",""45-49"",""Login to access the UTMB Index"""
"175,""20:06:43"",""Jesus-Ivan GONZALEZ-DIAZ"",""https://utmb.world/en/runner/226290.jesusivan.gonzalezdiaz"",""Spain"",""men"",""35-39"",""Login to access the UTMB Index"""
"176,""20:11:12"",""Juan José PERDOMO LOPEZ"",""https://utmb.world/en/runner/1614115.juanjose.perdomolopez"",""Spain"",""men"",""35-39"",""Login to access the UTMB Index"""
"177,""20:12:02"",""Eduardo IZARZUGAZA-URIBELARREA"",""https://utmb.world/en/runner/476406.eduardo.izarzugazauribelarrea"",""Spain"",""men"",""45-49"",""Login to access the UTMB Index"""
"178,""20:12:35"",""Jesus CARRERO"",""https://utmb.world/en/runner/2136203.jesus.carrero"",""Spain"",""men"",""35-39"",""Login to access the UTMB Index"""
"179,""20:13:05"",""Roger REBOLLO PUIGGARÍ"",""https://utmb.world/en/runner/1891199.roger.rebollopuiggari"",""Spain"",""men"",""20-34"",""Login to access the UTMB Index"""
"180,""20:14:04"",""Felix SANTANA-QUINTANA"",""https://utmb.world/en/runner/945133.felix.santanaquintana"",""Spain"",""men"",""45-49"",""Login to access the UTMB Index"""
"181,""20:14:32"",""Julio PÉREZ-GONZÁLEZ"",""https://utmb.world/en/runner/797672.julio.perezgonzalez"",""Spain"",""men"",""55-59"",""Login to access the UTMB Index"""
"182,""20:14:38"",""Selim EL-GHERIANI PIÑOL"",""https://utmb.world/en/runner/630995.selim.elgherianipinol"",""Spain"",""men"",""45-49"",""Login to access the UTMB Index"""
"183,""20:15:52"",""Krystian PIETRZAK"",""https://utmb.world/en/runner/320131.krystian.pietrzak"",""Poland"",""men"",""35-39"",""Login to access the UTMB Index"""
"184,""20:15:58"",""Daniel SACRAMENTO GARCIA"",""https://utmb.world/en/runner/589796.daniel.sacramentogarcia"",""Spain"",""men"",""20-34"",""Login to access the UTMB Index"""
"185,""20:17:52"",""Santiago CASTRO"",""https://utmb.world/en/runner/979893.santiago.castro"",""Spain"",""men"",""35-39"",""Login to access the UTMB Index"""
"186,""20:19:52"",""Alfonso COSTAS FERNANDEZ"",""https://utmb.world/en/runner/1434073.alfonso.costasfernandez"",""Spain"",""men"",""50-54"",""Login to access the UTMB Index"""
"187,""20:19:54"",""Fernando MILLARA"",""https://utmb.world/en/runner/717697.fernando.millara"",""Spain"",""men"",""20-34"",""Login to access the UTMB Index"""
"188,""20:22:31"",""Alberto VEGA-MORALES"",""https://utmb.world/en/runner/13014.alberto.vegamorales"",""Spain"",""men"",""50-54"",""Login to access the UTMB Index"""
"189,""20:23:31"",""Yannis FOUGERE"",""https://utmb.world/en/runner/6989.yannis.fougere"",""France"",""men"",""45-49"",""Login to access the UTMB Index"""
"190,""20:23:50"",""Victor JIMENEZ SEVILLA"",""https://utmb.world/en/runner/174938.victor.jimenezsevilla"",""Spain"",""men"",""40-44"",""Login to access the UTMB Index"""
"191,""20:24:41"",""Rayco LOPEZ ALAMO"",""https://utmb.world/en/runner/1772281.rayco.lopezalamo"",""Spain"",""men"",""20-34"",""Login to access the UTMB Index"""
"192,""20:27:12"",""Alberto MARTIN-ARTEAGA"",""https://utmb.world/en/runner/1242183.alberto.martinarteaga"",""Spain"",""men"",""20-34"",""Login to access the UTMB Index"""
"193,""20:27:13"",""Francisco BLAZQUEZ-BARQUERO"",""https://utmb.world/en/runner/513994.francisco.blazquezbarquero"",""Spain"",""men"",""45-49"",""Login to access the UTMB Index"""
"194,""20:27:14"",""Rosendo DE LA GUERRA-ESCALADAS"",""https://utmb.world/en/runner/531678.rosendo.delaguerraescaladas"",""Spain"",""men"",""35-39"",""Login to access the UTMB Index"""
"195,""20:28:47"",""Bernardo CORTES-GARRIDO"",""https://utmb.world/en/runner/563905.bernardo.cortesgarrido"",""Spain"",""men"",""55-59"",""Login to access the UTMB Index"""
"196,""20:29:01"",""David MORAN-HERNANDEZ"",""https://utmb.world/en/runner/606669.david.moranhernandez"",""Spain"",""men"",""45-49"",""Login to access the UTMB Index"""
"197,""20:29:13"",""Tomas BAÑOS GRANADO"",""https://utmb.world/en/runner/839077.tomas.banosgranado"",""Spain"",""men"",""50-54"",""Login to access the UTMB Index"""
"198,""20:31:40"",""Carolino TEIXEIRA MARTINS"",""https://utmb.world/en/runner/1719771.carolino.teixeiramartins"",""Spain"",""men"",""55-59"",""Login to access the UTMB Index"""
"199,""20:32:54"",""Lea DEGEN"",""https://utmb.world/en/runner/47663.lea.degen"",""Switzerland"",""women"",""50-54"",""Login to access the UTMB Index"""
"200,""20:33:32"",""Indalecio PENACOBA"",""https://utmb.world/en/runner/1145607.indalecio.penacoba"",""Spain"",""men"",""50-54"",""Login to access the UTMB Index"""
"201,""20:34:30"",""Germán CONCEPCIÓN RODRIGUEZ"",""https://utmb.world/en/runner/1424139.german.concepcionrodriguez"",""Spain"",""men"",""45-49"",""Login to access the UTMB Index"""
"202,""20:35:19"",""Adrian ABET"",""https://utmb.world/en/runner/134070.adrian.abet"",""France"",""men"",""20-34"",""Login to access the UTMB Index"""
"203,""20:35:36"",""Oscar Luis DORTA PWREZ"",""https://utmb.world/en/runner/375540.oscarluis.dortapwrez"",""Spain"",""men"",""35-39"",""Login to access the UTMB Index"""
"204,""20:35:45"",""Gaston GIOIA"",""https://utmb.world/en/runner/996041.gaston.gioia"",""Spain"",""men"",""40-44"",""Login to access the UTMB Index"""
"205,""20:41:17"",""Israel JIMENEZ-ESTEBANEZ"",""https://utmb.world/en/runner/124764.israel.jimenezestebanez"",""Spain"",""men"",""40-44"",""Login to access the UTMB Index"""
"206,""20:42:37"",""Didier FRUCTUEUX"",""https://utmb.world/en/runner/145890.didier.fructueux"",""France"",""men"",""50-54"",""Login to access the UTMB Index"""
"207,""20:45:55"",""Jose-Antonio MOLINA-GONZALEZ"",""https://utmb.world/en/runner/12442.joseantonio.molinagonzalez"",""Spain"",""men"",""50-54"",""Login to access the UTMB Index"""
"208,""20:45:57"",""Leonardo GONZALEZ SARMIENTO"",""https://utmb.world/en/runner/372488.leonardo.gonzalezsarmiento"",""Spain"",""men"",""45-49"",""Login to access the UTMB Index"""
"209,""20:45:58"",""Enzo GONZALEZ-RODRIGUEZ"",""https://utmb.world/en/runner/372557.enzo.gonzalezrodriguez"",""Spain"",""men"",""45-49"",""Login to access the UTMB Index"""
"210,""20:46:10"",""Eduardo Javier RODRIGUEZ TOVAR"",""https://utmb.world/en/runner/2103407.eduardojavier.rodrigueztovar"",""Spain"",""men"",""35-39"",""Login to access the UTMB Index"""
"211,""20:50:07"",""Javier HERNANDEZ-ARRIBAS"",""https://utmb.world/en/runner/126236.javier.hernandezarribas"",""Spain"",""men"",""45-49"",""Login to access the UTMB Index"""
"212,""20:50:37"",""Francisco-Javier LEAL-PLATA"",""https://utmb.world/en/runner/694560.franciscojavier.lealplata"",""Spain"",""men"",""20-34"",""Login to access the UTMB Index"""
"213,""20:51:07"",""Jorge CABRERA-RODRÍGUEZ"",""https://utmb.world/en/runner/797682.jorge.cabrerarodriguez"",""Spain"",""men"",""45-49"",""Login to access the UTMB Index"""
"214,""20:52:04"",""Pedro Javier VICENTE FERNANDEZ"",""https://utmb.world/en/runner/423117.pedrojavier.vicentefernandez"",""Spain"",""men"",""50-54"",""Login to access the UTMB Index"""
"215,""20:54:11"",""Jose-Alberto HERNANDEZ-HERNANDEZ"",""https://utmb.world/en/runner/226143.josealberto.hernandezhernandez"",""Spain"",""men"",""50-54"",""Login to access the UTMB Index"""
"216,""21:00:08"",""Salvador TORRES MONTELL"",""https://utmb.world/en/runner/3156705.salvador.torresmontell"",""Spain"",""men"",""35-39"",""Login to access the UTMB Index"""
"217,""21:00:08"",""Joan GRAU-SANTOS"",""https://utmb.world/en/runner/469378.joan.grausantos"",""Spain"",""men"",""40-44"",""Login to access the UTMB Index"""
"218,""21:04:20"",""Tanausu QUESADA MEDINA"",""https://utmb.world/en/runner/2668465.tanausu.quesadamedina"",""Spain"",""men"",""40-44"",""Login to access the UTMB Index"""
"219,""21:04:20"",""Pedro-Antonio MARTIN-PEREZ"",""https://utmb.world/en/runner/1669729.pedroantonio.martinperez"",""Spain"",""men"",""40-44"",""Login to access the UTMB Index"""
"220,""21:11:55"",""Nino LOPEZ"",""https://utmb.world/en/runner/1891567.nino.lopez"",""Spain"",""men"",""45-49"",""Login to access the UTMB Index"""
"221,""21:24:13"",""Juan-Francisco AGUDO-RUIZ"",""https://utmb.world/en/runner/561219.juanfrancisco.agudoruiz"",""Spain"",""men"",""40-44"",""Login to access the UTMB Index"""
"222,""21:24:15"",""Francisco AGUDO-RUIZ"",""https://utmb.world/en/runner/1056405.francisco.agudoruiz"",""Spain"",""men"",""50-54"",""Login to access the UTMB Index"""
"223,""21:25:32"",""Vicente ARAUJO-PESCADOR"",""https://utmb.world/en/runner/531771.vicente.araujopescador"",""Spain"",""men"",""45-49"",""Login to access the UTMB Index"""
"224,""21:26:10"",""Andres-Zebenzui DIAZ-PALENZUELA"",""https://utmb.world/en/runner/551009.andreszebenzui.diazpalenzuela"",""Spain"",""men"",""20-34"",""Login to access the UTMB Index"""
"225,""21:26:14"",""Jesus-Basilio BRAVO-BENITEZ"",""https://utmb.world/en/runner/12685.jesusbasilio.bravobenitez"",""Spain"",""men"",""45-49"",""Login to access the UTMB Index"""
"226,""21:26:16"",""Jesus RODRIGUEZ-MATOS"",""https://utmb.world/en/runner/12259.jesus.rodriguezmatos"",""Spain"",""men"",""45-49"",""Login to access the UTMB Index"""
"227,""21:28:36"",""Jennifer KOSTADINOVIC"",""https://utmb.world/en/runner/297622.jennifer.kostadinovic"",""Germany"",""women"",""35-39"",""Login to access the UTMB Index"""
"228,""21:30:40"",""David MARTIN-SIMON"",""https://utmb.world/en/runner/1312951.david.martinsimon"",""Spain"",""men"",""40-44"",""Login to access the UTMB Index"""
"229,""21:34:24"",""Cipriano PEÑA RODRÍGUEZ"",""https://utmb.world/en/runner/200177.cipriano.penarodriguez"",""Spain"",""men"",""40-44"",""Login to access the UTMB Index"""
"230,""21:34:26"",""Francisco EXPOSITO-RODRIGUEZ"",""https://utmb.world/en/runner/11863.francisco.expositorodriguez"",""Spain"",""men"",""60-64"",""Login to access the UTMB Index"""
"231,""21:38:57"",""Carlos ULE"",""https://utmb.world/en/runner/3156707.carlos.ule"",""Spain"",""men"",""50-54"",""Login to access the UTMB Index"""
"232,""21:39:03"",""Konrad SMOLINSKI"",""https://utmb.world/en/runner/3156709.konrad.smolinski"",""Germany"",""men"",""35-39"",""Login to access the UTMB Index"""
"233,""21:39:17"",""Juan José GONZÁLEZ DONIZ"",""https://utmb.world/en/runner/1469115.juanjose.gonzalezdoniz"",""Spain"",""men"",""45-49"",""Login to access the UTMB Index"""
"234,""21:40:15"",""Moises GISMERO CALVO"",""https://utmb.world/en/runner/2381041.moises.gismerocalvo"",""Spain"",""men"",""40-44"",""Login to access the UTMB Index"""
"235,""21:40:16"",""Alvaro Teodoro ABAD CABRERA"",""https://utmb.world/en/runner/155154.alvaroteodoro.abadcabrera"",""Spain"",""men"",""55-59"",""Login to access the UTMB Index"""
"236,""21:41:01"",""Martín DE LEÓN-RODRÍGUEZ"",""https://utmb.world/en/runner/798035.martin.deleonrodriguez"",""Spain"",""men"",""40-44"",""Login to access the UTMB Index"""
"237,""21:42:00"",""Francisco-Javier MESA-GARCIA"",""https://utmb.world/en/runner/262939.franciscojavier.mesagarcia"",""Spain"",""men"",""45-49"",""Login to access the UTMB Index"""
"238,""21:42:02"",""Juan-Antonio BRAVO-JORGE"",""https://utmb.world/en/runner/226184.juanantonio.bravojorge"",""Spain"",""men"",""40-44"",""Login to access the UTMB Index"""
"239,""21:42:06"",""Ivan CAMPOS-DE CELA"",""https://utmb.world/en/runner/633616.ivan.camposdecela"",""Spain"",""men"",""40-44"",""Login to access the UTMB Index"""
"240,""21:42:10"",""Manuel ALVAREZ-REYES"",""https://utmb.world/en/runner/375493.manuel.alvarezreyes"",""Spain"",""men"",""45-49"",""Login to access the UTMB Index"""
"241,""21:42:51"",""Alex JURADO ARIAS"",""https://utmb.world/en/runner/1160533.alex.juradoarias"",""Spain"",""men"",""40-44"",""Login to access the UTMB Index"""
"242,""21:44:26"",""Tomas PADRON-RODRIGUEZ"",""https://utmb.world/en/runner/12450.tomas.padronrodriguez"",""Spain"",""men"",""70-74"",""Login to access the UTMB Index"""
"243,""21:44:32"",""David PADRÓN GONZÁLEZ"",""https://utmb.world/en/runner/1467609.david.padrongonzalez"",""Spain"",""men"",""45-49"",""Login to access the UTMB Index"""
"244,""21:46:35"",""Pablo BARRIENTOS-JABARES"",""https://utmb.world/en/runner/1181617.pablo.barrientosjabares"",""Spain"",""men"",""45-49"",""Login to access the UTMB Index"""
"245,""21:50:22"",""Borja MERINO-SORIA"",""https://utmb.world/en/runner/1014883.borja.merinosoria"",""Spain"",""men"",""35-39"",""Login to access the UTMB Index"""
"246,""21:50:27"",""Ivan ANDRÉS-TERUEL"",""https://utmb.world/en/runner/1014791.ivan.andresteruel"",""Spain"",""men"",""40-44"",""Login to access the UTMB Index"""
"247,""21:51:40"",""Carlos GINER"",""https://utmb.world/en/runner/2052385.carlos.giner"",""Spain"",""men"",""40-44"",""Login to access the UTMB Index"""
"248,""21:55:29"",""Orlando SOARES"",""https://utmb.world/en/runner/901869.orlando.soares"",""France"",""men"",""45-49"",""Login to access the UTMB Index"""
"249,""21:55:29"",""Guillaume BAERT"",""https://utmb.world/en/runner/644997.guillaume.baert"",""France"",""men"",""40-44"",""Login to access the UTMB Index"""
"250,""21:59:35"",""Fernando SOSA-PACHECO"",""https://utmb.world/en/runner/452318.fernando.sosapacheco"",""Spain"",""men"",""35-39"",""Login to access the UTMB Index"""
"251,""22:01:55"",""Bojan KRAMAR"",""https://utmb.world/en/runner/168777.bojan.kramar"",""Slovenia"",""men"",""55-59"",""Login to access the UTMB Index"""
"252,""22:03:10"",""Stephen COUSINS"",""https://utmb.world/en/runner/812784.stephen.cousins"",""United Kingdom"",""men"",""50-54"",""Login to access the UTMB Index"""
"253,""22:06:57"",""Mario IZQUIERDO-LAWLOR"",""https://utmb.world/en/runner/12097.mario.izquierdolawlor"",""Spain"",""men"",""45-49"",""Login to access the UTMB Index"""
"254,""22:07:42"",""Esther HERNÁNDEZ-HERNÁNDEZ"",""https://utmb.world/en/runner/263079.esther.hernandezhernandez"",""Spain"",""women"",""20-34"",""Login to access the UTMB Index"""
"255,""22:08:50"",""Miguel FORJAN"",""https://utmb.world/en/runner/1897093.miguel.forjan"",""Spain"",""men"",""50-54"",""Login to access the UTMB Index"""
"256,""22:10:29"",""Michel PONCHON"",""https://utmb.world/en/runner/1650489.michel.ponchon"",""Belgium"",""men"",""50-54"",""Login to access the UTMB Index"""
"257,""22:12:29"",""Krzysztof GOSTYŃSKI"",""https://utmb.world/en/runner/813648.krzysztof.gostynski"",""Poland"",""men"",""45-49"",""Login to access the UTMB Index"""
"258,""22:12:55"",""Reto KLAUSER"",""https://utmb.world/en/runner/3156711.reto.klauser"",""Switzerland"",""men"",""35-39"",""Login to access the UTMB Index"""
"259,""22:14:22"",""Josep DULCET GENARO"",""https://utmb.world/en/runner/12808.josep.dulcetgenaro"",""Spain"",""men"",""65-69"",""Login to access the UTMB Index"""
"260,""22:14:25"",""Julian MUNOZ DE NAVA"",""https://utmb.world/en/runner/217812.julian.munozdenava"",""Spain"",""men"",""40-44"",""Login to access the UTMB Index"""
"261,""22:14:33"",""Juan-Gabriel HERNANDEZ-RAMOS"",""https://utmb.world/en/runner/231237.juangabriel.hernandezramos"",""Spain"",""men"",""45-49"",""Login to access the UTMB Index"""
"262,""22:18:49"",""Francisco Jose GONZALEZ ALVAREZ"",""https://utmb.world/en/runner/1469381.franciscojose.gonzalezalvarez"",""Spain"",""men"",""40-44"",""Login to access the UTMB Index"""
"263,""22:20:34"",""Marco Antonio FUMERO MARTIN"",""https://utmb.world/en/runner/1469149.marcoantonio.fumeromartin"",""Spain"",""men"",""40-44"",""Login to access the UTMB Index"""
"264,""22:21:53"",""Joanna KOPCIOWSKA-WĄTROBA"",""https://utmb.world/en/runner/2125257.joanna.kopciowskawatroba"",""Poland"",""women"",""40-44"",""Login to access the UTMB Index"""
"265,""22:23:07"",""Jose Antonio GARRIDO CAMPOS"",""https://utmb.world/en/runner/1739701.joseantonio.garridocampos"",""Spain"",""men"",""55-59"",""Login to access the UTMB Index"""
"266,""22:23:09"",""Olivier COLOMB"",""https://utmb.world/en/runner/1724955.olivier.colomb"",""France"",""men"",""20-34"",""Login to access the UTMB Index"""
"267,""22:33:39"",""Cristina MALFEITO"",""https://utmb.world/en/runner/561431.cristina.malfeito"",""Spain"",""women"",""40-44"",""Login to access the UTMB Index"""
"268,""22:33:40"",""Rafael PRIEGO"",""https://utmb.world/en/runner/561429.rafael.priego"",""Spain"",""men"",""45-49"",""Login to access the UTMB Index"""
"269,""22:38:59"",""Antonio PEREZ-BARROSO"",""https://utmb.world/en/runner/262648.antonio.perezbarroso"",""Spain"",""men"",""50-54"",""Login to access the UTMB Index"""
"270,""22:39:19"",""Marcos-Gelson ALVEZ-MAYNA"",""https://utmb.world/en/runner/458354.marcosgelson.alvezmayna"",""Bolivia"",""men"",""50-54"",""Login to access the UTMB Index"""
"271,""22:39:21"",""Jose-Blas MARTINEZ"",""https://utmb.world/en/runner/11771.joseblas.martinez"",""Spain"",""men"",""45-49"",""Login to access the UTMB Index"""
"272,""22:39:39"",""Miguel Jesus ZAPATA SOLA"",""https://utmb.world/en/runner/130600.migueljesus.zapatasola"",""Spain"",""men"",""60-64"",""Login to access the UTMB Index"""
"273,""22:40:10"",""Sebastian BASUALTO-ASTUDILLO"",""https://utmb.world/en/runner/375408.sebastian.basualtoastudillo"",""Spain"",""men"",""40-44"",""Login to access the UTMB Index"""
"274,""22:40:32"",""Aitor SEGUROLA"",""https://utmb.world/en/runner/624525.aitor.segurola"",""Spain"",""men"",""35-39"",""Login to access the UTMB Index"""
"275,""22:40:33"",""Fermin PENATE-SUAREZ"",""https://utmb.world/en/runner/12766.fermin.penatesuarez"",""Spain"",""men"",""50-54"",""Login to access the UTMB Index"""
"276,""22:41:24"",""Abel DE FRUTOS"",""https://utmb.world/en/runner/198158.abel.defrutos"",""Spain"",""men"",""40-44"",""Login to access the UTMB Index"""
"277,""22:41:51"",""Romina ROTA"",""https://utmb.world/en/runner/727268.romina.rota"",""Italy"",""women"",""40-44"",""Login to access the UTMB Index"""
"278,""22:42:28"",""Attila BORSOS"",""https://utmb.world/en/runner/968251.attila.borsos"",""Hungary"",""men"",""40-44"",""Login to access the UTMB Index"""
"279,""22:47:51"",""Ian BECKINGHAM"",""https://utmb.world/en/runner/44247.ian.beckingham"",""United Kingdom"",""men"",""55-59"",""Login to access the UTMB Index"""
"280,""22:47:54"",""Luke TAYLOR"",""https://utmb.world/en/runner/149279.luke.taylor"",""United Kingdom"",""men"",""55-59"",""Login to access the UTMB Index"""
"281,""22:48:00"",""Ivan JUNYENT CAPDEVILA"",""https://utmb.world/en/runner/31960.ivan.junyentcapdevila"",""Spain"",""men"",""45-49"",""Login to access the UTMB Index"""
"282,""22:50:04"",""Friedemann KOELBING"",""https://utmb.world/en/runner/2114601.friedemann.koelbing"",""Germany"",""men"",""35-39"",""Login to access the UTMB Index"""
"283,""22:51:49"",""Anna LUKASIK"",""https://utmb.world/en/runner/507110.anna.lukasik"",""Poland"",""women"",""40-44"",""Login to access the UTMB Index"""
"284,""22:51:51"",""Zbigniew LUKASIK"",""https://utmb.world/en/runner/199372.zbigniew.lukasik"",""Poland"",""men"",""45-49"",""Login to access the UTMB Index"""
"285,""22:52:53"",""Rafael LORENZO-PALAZUELOS"",""https://utmb.world/en/runner/740308.rafael.lorenzopalazuelos"",""Spain"",""men"",""40-44"",""Login to access the UTMB Index"""
"286,""22:52:56"",""Juan-Francisco RODRIGUEZ-DIAZ-DE BUSTAMANTE"",""https://utmb.world/en/runner/986457.juanfrancisco.rodriguezdiazdebustamante"",""Spain"",""men"",""45-49"",""Login to access the UTMB Index"""
"287,""22:53:42"",""Astrid LANCEAU"",""https://utmb.world/en/runner/598957.astrid.lanceau"",""France"",""women"",""20-34"",""Login to access the UTMB Index"""
"288,""22:53:43"",""Aurore SALAUN"",""https://utmb.world/en/runner/427769.aurore.salaun"",""France"",""women"",""20-34"",""Login to access the UTMB Index"""
"289,""22:54:25"",""Sergio PÉREZ-FARIÑA"",""https://utmb.world/en/runner/1312917.sergio.perezfarina"",""Spain"",""men"",""20-34"",""Login to access the UTMB Index"""
"290,""22:54:29"",""Fernando GARCIA-HERNANDEZ"",""https://utmb.world/en/runner/226088.fernando.garciahernandez"",""Spain"",""men"",""20-34"",""Login to access the UTMB Index"""
"291,""22:55:43"",""Francisco LOPEZ-MENDOZA"",""https://utmb.world/en/runner/12409.francisco.lopezmendoza"",""Spain"",""men"",""50-54"",""Login to access the UTMB Index"""
"292,""22:55:45"",""Thomas SCHMID SUTTER"",""https://utmb.world/en/runner/225625.thomas.schmidsutter"",""Spain"",""men"",""50-54"",""Login to access the UTMB Index"""
"293,""22:57:58"",""Santi DIAZ PEREZ"",""https://utmb.world/en/runner/2103329.santi.diazperez"",""Spain"",""men"",""55-59"",""Login to access the UTMB Index"""
"294,""22:57:59"",""Roberto PACHECO GARCÍA"",""https://utmb.world/en/runner/1469425.roberto.pachecogarcia"",""Spain"",""men"",""45-49"",""Login to access the UTMB Index"""
"295,""22:58:55"",""Vicky ROMERO-SANTONJA"",""https://utmb.world/en/runner/31822.vicky.romerosantonja"",""Spain"",""women"",""50-54"",""Login to access the UTMB Index"""
"296,""22:59:00"",""Carlos FERRER-ARQUES"",""https://utmb.world/en/runner/31823.carlos.ferrerarques"",""Spain"",""men"",""45-49"",""Login to access the UTMB Index"""
"297,""22:59:02"",""Ianko PINTO PEREDA"",""https://utmb.world/en/runner/1958105.ianko.pintopereda"",""Spain"",""men"",""40-44"",""Login to access the UTMB Index"""
"298,""22:59:04"",""Zuzana CSAJKOVA"",""https://utmb.world/en/runner/2137857.zuzana.csajkova"",""Slovakia"",""women"",""45-49"",""Login to access the UTMB Index"""
"299,""22:59:29"",""Michele MOMBELLI"",""https://utmb.world/en/runner/21269.michele.mombelli"",""Italy"",""men"",""50-54"",""Login to access the UTMB Index"""
"300,""22:59:38"",""Nunzia DE ROBERTIS"",""https://utmb.world/en/runner/542063.nunzia.derobertis"",""Italy"",""women"",""40-44"",""Login to access the UTMB Index"""
"301,""23:00:50"",""Carmelo-Vicente GONZALEZ-GARCIA"",""https://utmb.world/en/runner/452310.carmelovicente.gonzalezgarcia"",""Spain"",""men"",""50-54"",""Login to access the UTMB Index"""
"302,""23:02:53"",""Jose-Manuel SUAREZ-HERNANDEZ"",""https://utmb.world/en/runner/13589.josemanuel.suarezhernandez"",""Spain"",""men"",""45-49"",""Login to access the UTMB Index"""
"303,""23:03:32"",""Felipe RODRIGUEZ-AVILES"",""https://utmb.world/en/runner/126403.felipe.rodriguezaviles"",""Spain"",""men"",""35-39"",""Login to access the UTMB Index"""
"304,""23:04:29"",""Tim RAYNOR"",""https://utmb.world/en/runner/149313.tim.raynor"",""United Kingdom"",""men"",""55-59"",""Login to access the UTMB Index"""
"305,""23:04:31"",""William HIGHAM"",""https://utmb.world/en/runner/1107937.william.higham"",""United Kingdom"",""men"",""20-34"",""Login to access the UTMB Index"""
"306,""23:07:27"",""Juan-Jose PACHECO-GONZALEZ"",""https://utmb.world/en/runner/372526.juanjose.pachecogonzalez"",""Spain"",""men"",""50-54"",""Login to access the UTMB Index"""
"307,""23:09:25"",""Aaron GONZALEZ ARTILES"",""https://utmb.world/en/runner/3731307.aaron.gonzalezartiles"",""Spain"",""men"",""35-39"",""Login to access the UTMB Index"""
"308,""23:09:47"",""Laurent LAUNOY"",""https://utmb.world/en/runner/115592.laurent.launoy"",""France"",""men"",""55-59"",""Login to access the UTMB Index"""
"309,""23:12:46"",""Isabelle WASMES"",""https://utmb.world/en/runner/187142.isabelle.wasmes"",""Belgium"",""women"",""45-49"",""Login to access the UTMB Index"""
"310,""23:12:47"",""Fabrice BIASINO"",""https://utmb.world/en/runner/655379.fabrice.biasino"",""Belgium"",""men"",""40-44"",""Login to access the UTMB Index"""
"311,""23:13:01"",""Carmen PEREZ GUERRA"",""https://utmb.world/en/runner/1891711.carmen.perezguerra"",""Spain"",""women"",""35-39"",""Login to access the UTMB Index"""
"312,""23:13:05"",""Francisco CABRAL REYES"",""https://utmb.world/en/runner/2572777.francisco.cabralreyes"",""Spain"",""men"",""45-49"",""Login to access the UTMB Index"""
"313,""23:13:18"",""Beat BURRI"",""https://utmb.world/en/runner/3156717.beat.burri"",""Switzerland"",""men"",""45-49"",""Login to access the UTMB Index"""
"314,""23:14:32"",""Jack BELLEGO"",""https://utmb.world/en/runner/157067.jack.bellego"",""France"",""men"",""55-59"",""Login to access the UTMB Index"""
"315,""23:14:43"",""Moisés HERNÁNDEZ TOLEDO"",""https://utmb.world/en/runner/2052367.moises.hernandeztoledo"",""Spain"",""men"",""35-39"",""Login to access the UTMB Index"""
"316,""23:14:49"",""Manuel ALVAREZ-PEREZ"",""https://utmb.world/en/runner/551029.manuel.alvarezperez"",""Spain"",""men"",""55-59"",""Login to access the UTMB Index"""
"317,""23:15:10"",""Estrella ALONSO-FIERRO"",""https://utmb.world/en/runner/176307.estrella.alonsofierro"",""Spain"",""women"",""55-59"",""Login to access the UTMB Index"""
"318,""23:15:37"",""Eugenia CASTRO-AFONSO"",""https://utmb.world/en/runner/31814.eugenia.castroafonso"",""Spain"",""women"",""55-59"",""Login to access the UTMB Index"""
"319,""23:15:40"",""Cristofer DELGADO-PÉREZ"",""https://utmb.world/en/runner/980033.cristofer.delgadoperez"",""Spain"",""men"",""20-34"",""Login to access the UTMB Index"""
"320,""23:16:05"",""Diego ÁLVAREZ ALVAREZ (Diego ALVAREZ ALVAREZ)"",""https://utmb.world/en/runner/1469371.diego.alvarezalvarez"",""Spain"",""men"",""40-44"",""Login to access the UTMB Index"""
"321,""23:16:43"",""Fernando OJEDA ROMERO"",""https://utmb.world/en/runner/964935.fernando.ojedaromero"",""Spain"",""men"",""40-44"",""Login to access the UTMB Index"""
"322,""23:17:58"",""Inaki LIZARRALDE-ARZELUS"",""https://utmb.world/en/runner/124687.inaki.lizarraldearzelus"",""Spain"",""men"",""35-39"",""Login to access the UTMB Index"""
"323,""23:18:09"",""Dusan RAUTER"",""https://utmb.world/en/runner/802864.dusan.rauter"",""Slovenia"",""men"",""50-54"",""Login to access the UTMB Index"""
"324,""23:19:21"",""Inaki ARRIOLA-AZKUE"",""https://utmb.world/en/runner/694930.inaki.arriolaazkue"",""Spain"",""men"",""35-39"",""Login to access the UTMB Index"""
"325,""23:19:21"",""Saúl SANTANA-RIVERO"",""https://utmb.world/en/runner/587892.saul.santanarivero"",""Spain"",""men"",""20-34"",""Login to access the UTMB Index"""
"326,""23:24:46"",""José-Antonio TARÍ-ALONSO"",""https://utmb.world/en/runner/217223.joseantonio.tarialonso"",""Spain"",""men"",""50-54"",""Login to access the UTMB Index"""
"327,""23:26:23"",""Ángel David PRIETO NAVARRO (ANGEL DAVID PRIETO NAVARRO)"",""https://utmb.world/en/runner/1287309.angeldavid.prietonavarro"",""Spain"",""men"",""40-44"",""Login to access the UTMB Index"""
"328,""23:26:24"",""Eduardo-Jose MANTAS-MARTIN"",""https://utmb.world/en/runner/226133.eduardojose.mantasmartin"",""Spain"",""men"",""45-49"",""Login to access the UTMB Index"""
"329,""23:26:24"",""Violeta MENESES NAVARRO"",""https://utmb.world/en/runner/160804.violeta.menesesnavarro"",""Spain"",""women"",""50-54"",""Login to access the UTMB Index"""
"330,""23:26:59"",""Ivan MARTINEZ-MARTIN"",""https://utmb.world/en/runner/717690.ivan.martinezmartin"",""Spain"",""men"",""35-39"",""Login to access the UTMB Index"""
"331,""23:27:15"",""Vicente RODA PARRAS"",""https://utmb.world/en/runner/1497977.vicente.rodaparras"",""Spain"",""men"",""20-34"",""Login to access the UTMB Index"""
"332,""23:27:20"",""Jim WEST"",""https://utmb.world/en/runner/812827.jim.west"",""United Kingdom"",""men"",""45-49"",""Login to access the UTMB Index"""
"333,""23:28:56"",""Jón ÖRLYGSSON (Jon ORLYGSSON)"",""https://utmb.world/en/runner/667833.jon.orlygsson"",""Iceland"",""men"",""45-49"",""Login to access the UTMB Index"""
"334,""23:29:46"",""Philip GUEST"",""https://utmb.world/en/runner/210846.philip.guest"",""United Kingdom"",""men"",""55-59"",""Login to access the UTMB Index"""
"335,""23:30:27"",""Raul CALVO LAMELA"",""https://utmb.world/en/runner/1424121.raul.calvolamela"",""Spain"",""men"",""40-44"",""Login to access the UTMB Index"""
"336,""23:32:03"",""Francisco GONZALEZ-RIVERO"",""https://utmb.world/en/runner/947915.francisco.gonzalezrivero"",""Spain"",""men"",""35-39"",""Login to access the UTMB Index"""
"337,""23:34:25"",""Peter LEMON"",""https://utmb.world/en/runner/215884.peter.lemon"",""United Kingdom"",""men"",""50-54"",""Login to access the UTMB Index"""
"338,""23:41:11"",""Pau D'ARMENGOL-PARRA (Pau ARMENGOL PARRA)"",""https://utmb.world/en/runner/699061.pau.armengolparra"",""Spain"",""men"",""35-39"",""Login to access the UTMB Index"""
"339,""23:41:58"",""Ian KITTLE"",""https://utmb.world/en/runner/192954.ian.kittle"",""United Kingdom"",""men"",""55-59"",""Login to access the UTMB Index"""
"340,""23:42:51"",""Luis GOMEZ-DE BARREDA-BARTLETT"",""https://utmb.world/en/runner/551011.luis.gomezdebarredabartlett"",""Spain"",""men"",""45-49"",""Login to access the UTMB Index"""
"341,""23:47:50"",""Mirko DREISER"",""https://utmb.world/en/runner/193746.mirko.dreiser"",""Germany"",""men"",""45-49"",""Login to access the UTMB Index"""
"342,""23:47:51"",""Frank HELLER"",""https://utmb.world/en/runner/970255.frank.heller"",""Germany"",""men"",""45-49"",""Login to access the UTMB Index"""
"343,""23:47:55"",""Peter HEIMANN"",""https://utmb.world/en/runner/675508.peter.heimann"",""Germany"",""men"",""55-59"",""Login to access the UTMB Index"""
"344,""23:48:16"",""Philippe ROBERTS"",""https://utmb.world/en/runner/3156719.philippe.roberts"",""United Kingdom"",""men"",""50-54"",""Login to access the UTMB Index"""
"345,""23:48:24"",""Juan Andres GONZALEZ-MARTINEZ"",""https://utmb.world/en/runner/199870.juanandres.gonzalezmartinez"",""Spain"",""men"",""55-59"",""Login to access the UTMB Index"""
"346,""23:48:24"",""Oscar FELIPE CRUZ"",""https://utmb.world/en/runner/3156721.oscar.felipecruz"",""Spain"",""men"",""45-49"",""Login to access the UTMB Index"""
"347,""23:48:50"",""Jordi PONS FONT"",""https://utmb.world/en/runner/125488.jordi.ponsfont"",""Spain"",""men"",""60-64"",""Login to access the UTMB Index"""
"348,""23:53:51"",""Pedro-Manuel BELLO-GARCIA"",""https://utmb.world/en/runner/226147.pedromanuel.bellogarcia"",""Spain"",""men"",""45-49"",""Login to access the UTMB Index"""
"349,""23:54:53"",""José-Alexander GONZÁLEZ-PADRÓN"",""https://utmb.world/en/runner/420463.josealexander.gonzalezpadron"",""Spain"",""men"",""35-39"",""Login to access the UTMB Index"""
"350,""23:54:55"",""Alex ROMERO-SOLE"",""https://utmb.world/en/runner/565313.alex.romerosole"",""Spain"",""men"",""20-34"",""Login to access the UTMB Index"""
"rank,""time"","""","""",""name"",""nationality"",""gender"","""""
"351,""23:56:42"",""Rafael ROSES-MORANT"",""https://utmb.world/en/runner/212341.rafael.rosesmorant"",""Spain"",""men"",""60-64"",""Login to access the UTMB Index"""
"352,""23:56:47"",""Joan QUEROL OLCINA"",""https://utmb.world/en/runner/234655.joan.querololcina"",""Spain"",""men"",""45-49"",""Login to access the UTMB Index"""
"353,""23:57:43"",""Beatriz CALVO RODRIGUEZ"",""https://utmb.world/en/runner/1304479.beatriz.calvorodriguez"",""Spain"",""women"",""20-34"",""Login to access the UTMB Index"""
"354,""23:57:44"",""Jose Luis ESTEBANEZ LOPEZ"",""https://utmb.world/en/runner/777987.joseluis.estebanezlopez"",""Spain"",""men"",""55-59"",""Login to access the UTMB Index"""
