"position,""left"",""full_name"",""full_name href"",""right"",""right 2"",""hidden"",""truncate"",""center 2"",""center 3"",""center 4"",""hidden 3"",""hidden 4"",""left 2""";
"1,""3"",""Yeray DURÁN LÓPEZ"",""https://tenerifebluetrail.com/tracking_datatables/es/runner.html?ev=127&o=947&l=en&m=1410&e=FIN&u=1495576306428&method=ResAtletaUid"",""1"",""1 VETA-M"",""VETA"",""BUFF PRO TEAM"",""11:29:47"",""07:06"",""00:00:00"",""14006"",""M"",""""";
"2,""5"",""Ion AZPIROZ AZPIROZ"",""https://tenerifebluetrail.com/tracking_datatables/es/runner.html?ev=127&o=947&l=en&m=1410&e=FIN&u=1485159675171&method=ResAtletaUid"",""2"",""1 SEN-M"",""SEN"",""HOKA ONE SPAIN"",""12:10:42"",""07:31"",""00:40:55"",""14008"",""M"",""""";
"3,""1"",""Sangé SHERPA"",""https://tenerifebluetrail.com/tracking_datatables/es/runner.html?ev=127&o=947&l=en&m=1410&e=FIN&u=1492064100901&method=ResAtletaUid"",""3"",""2 SEN-M"",""SEN"",""TEAM INSTINCT"",""12:39:04"",""07:49"",""01:09:17"",""14008"",""M"",""""";
"4,""486"",""Erlantz ZALDUNBIDE LEGARRA"",""https://tenerifebluetrail.com/tracking_datatables/es/runner.html?ev=127&o=947&l=en&m=1410&e=FIN&u=1485977302108&method=ResAtletaUid"",""4"",""3 SEN-M"",""SEN"",""Zaldai Mendi Taldea"",""12:51:22"",""07:57"",""01:21:35"",""14008"",""M"",""""";
"5,""340"",""Jose Ramon ORTIZ GONZALEZ CARBALLO"",""https://tenerifebluetrail.com/tracking_datatables/es/runner.html?ev=127&o=947&l=en&m=1410&e=FIN&u=1481290967983&method=ResAtletaUid"",""5"",""4 SEN-M"",""SEN"",""Ferro Trail"",""12:54:08"",""07:58"",""01:24:21"",""14008"",""M"",""1 LOC-M""";
"6,""339"",""Ángel Manuel ORTEGA SANTANA"",""https://tenerifebluetrail.com/tracking_datatables/es/runner.html?ev=127&o=947&l=en&m=1410&e=FIN&u=1466535749862&method=ResAtletaUid"",""6"",""2 VETA-M"",""VETA"",""Guagua infinito Trail"",""13:42:17"",""08:28"",""02:12:30"",""14006"",""M"",""""";
"7,""30"",""Aarón David ARENCIBIA RODRÍGUEZ"",""https://tenerifebluetrail.com/tracking_datatables/es/runner.html?ev=127&o=947&l=en&m=1410&e=FIN&u=1466535746167&method=ResAtletaUid"",""7"",""5 SEN-M"",""SEN"",""BAIFOS TRAIL"",""13:56:07"",""08:37"",""02:26:20"",""14008"",""M"",""2 LOC-M""";
"8,""10"",""Christelle BARD"",""https://tenerifebluetrail.com/tracking_datatables/es/runner.html?ev=127&o=947&l=en&m=1410&e=FIN&u=1492064098868&method=ResAtletaUid"",""1-F"",""1 SEN-F"",""SEN"",""-"",""13:58:07"",""08:38"",""02:28:20"",""14001"",""F"",""""";
"9,""197"",""Juan Antonio GONZALEZ RODRIGUEZ"",""https://tenerifebluetrail.com/tracking_datatables/es/runner.html?ev=127&o=947&l=en&m=1410&e=FIN&u=1465705230915&method=ResAtletaUid"",""8"",""3 VETA-M"",""VETA"",""-"",""14:10:03"",""08:45"",""02:40:16"",""14006"",""M"",""3 LOC-M""";
"10,""152"",""Miguel Angel GARCIA GUTIERREZ"",""https://tenerifebluetrail.com/tracking_datatables/es/runner.html?ev=127&o=947&l=en&m=1410&e=FIN&u=1493276034126&method=ResAtletaUid"",""9"",""1 VETB-M"",""VETB"",""AIIIIIIIADELANTE TEAM"",""14:12:19"",""08:47"",""02:42:32"",""14005"",""M"",""4 LOC-M""";
"11,""93"",""Iván Eladio DELGADO ARMAS"",""https://tenerifebluetrail.com/tracking_datatables/es/runner.html?ev=127&o=947&l=en&m=1410&e=FIN&u=1465705237624&method=ResAtletaUid"",""10"",""6 SEN-M"",""SEN"",""Punta Brava Runners"",""14:12:45"",""08:47"",""02:42:58"",""14008"",""M"",""5 LOC-M""";
"12,""356"",""Jabin PEREZ GONZALEZ"",""https://tenerifebluetrail.com/tracking_datatables/es/runner.html?ev=127&o=947&l=en&m=1410&e=FIN&u=1482565379290&method=ResAtletaUid"",""11"",""7 SEN-M"",""SEN"",""C.D. HILERA"",""14:23:17"",""08:53"",""02:53:30"",""14008"",""M"",""""";
"13,""50"",""Juan Manuel BRAÑA LÓPEZ"",""https://tenerifebluetrail.com/tracking_datatables/es/runner.html?ev=127&o=947&l=en&m=1410&e=FIN&u=1484471401311&method=ResAtletaUid"",""12"",""8 SEN-M"",""SEN"",""FORMA-Trail"",""14:24:29"",""08:54"",""02:54:42"",""14008"",""M"",""6 LOC-M""";
"14,""464"",""Javier TEJEDOR DIAZ"",""https://tenerifebluetrail.com/tracking_datatables/es/runner.html?ev=127&o=947&l=en&m=1410&e=FIN&u=1465705236574&method=ResAtletaUid"",""13"",""4 VETA-M"",""VETA"",""-"",""14:26:55"",""08:56"",""02:57:08"",""14006"",""M"",""7 LOC-M""";
"15,""336"",""Javier ORDIERES TORRE"",""https://tenerifebluetrail.com/tracking_datatables/es/runner.html?ev=127&o=947&l=en&m=1410&e=FIN&u=1482565383981&method=ResAtletaUid"",""14"",""9 SEN-M"",""SEN"",""Team Obaya"",""14:38:45"",""09:03"",""03:08:58"",""14008"",""M"",""""";
"16,""287"",""Roberto  MARRERO PÉREZ"",""https://tenerifebluetrail.com/tracking_datatables/es/runner.html?ev=127&o=947&l=en&m=1410&e=FIN&u=1478205161712&method=ResAtletaUid"",""15"",""5 VETA-M"",""VETA"",""Clumonfir"",""14:38:57"",""09:03"",""03:09:10"",""14006"",""M"",""""";
"17,""148"",""Ignacio GARCÍA DEL CASTILLO"",""https://tenerifebluetrail.com/tracking_datatables/es/runner.html?ev=127&o=947&l=en&m=1410&e=FIN&u=1476727937719&method=ResAtletaUid"",""16"",""6 VETA-M"",""VETA"",""Coyotes Tenerife trail"",""14:49:37"",""09:10"",""03:19:50"",""14006"",""M"",""8 LOC-M";"1 MIL-M"""
"18,""195"",""Jonathan GONZÁLEZ MÉNDEZ"",""https://tenerifebluetrail.com/tracking_datatables/es/runner.html?ev=127&o=947&l=en&m=1410&e=FIN&u=1465532189808&method=ResAtletaUid"",""17"",""10 SEN-M"",""SEN"",""PICO TRAIL"",""15:01:44"",""09:17"",""03:31:57"",""14008"",""M"",""9 LOC-M""";
"19,""15"",""Tato AFONSO LEÓN"",""https://tenerifebluetrail.com/tracking_datatables/es/runner.html?ev=127&o=947&l=en&m=1410&e=FIN&u=1466535756770&method=ResAtletaUid"",""18"",""11 SEN-M"",""SEN"",""TENERIFE CORRE"",""15:12:25"",""09:24"",""03:42:38"",""14008"",""M"",""10 LOC-M""";
"20,""224"",""Jose David HERNANDEZ DIAZ"",""https://tenerifebluetrail.com/tracking_datatables/es/runner.html?ev=127&o=947&l=en&m=1410&e=FIN&u=1465705227525&method=ResAtletaUid"",""19"",""7 VETA-M"",""VETA"",""TENERIFE TRAIL-EDUCERE SPORT"",""15:14:48"",""09:25"",""03:45:01"",""14006"",""M"",""11 LOC-M""";
"21,""139"",""Jesus FRAILE JIMENEZ"",""https://tenerifebluetrail.com/tracking_datatables/es/runner.html?ev=127&o=947&l=en&m=1410&e=FIN&u=1487884338690&method=ResAtletaUid"",""20"",""8 VETA-M"",""VETA"",""SEGURARTIC"",""15:19:02"",""09:28"",""03:49:15"",""14006"",""M"",""""";
"22,""28"",""Aitor ARANA AREXOLALEIBA"",""https://tenerifebluetrail.com/tracking_datatables/es/runner.html?ev=127&o=947&l=en&m=1410&e=FIN&u=1466535743079&method=ResAtletaUid"",""21"",""9 VETA-M"",""VETA"",""MIRUGAIN M.E."",""15:23:06"",""09:30"",""03:53:19"",""14006"",""M"",""""";
"23,""457"",""Calixto SOSA PACHECO"",""https://tenerifebluetrail.com/tracking_datatables/es/runner.html?ev=127&o=947&l=en&m=1410&e=FIN&u=1465705229463&method=ResAtletaUid"",""22"",""12 SEN-M"",""SEN"",""Taoro Tenis de mesa"",""15:27:29"",""09:33"",""03:57:42"",""14008"",""M"",""12 LOC-M""";
"24,""114"",""Juan Antonio DIOS MOSEGUE"",""https://tenerifebluetrail.com/tracking_datatables/es/runner.html?ev=127&o=947&l=en&m=1410&e=FIN&u=1466535749009&method=ResAtletaUid"",""23"",""10 VETA-M"",""VETA"",""TIGAIGA RUNING"",""15:35:29"",""09:38"",""04:05:42"",""14006"",""M"",""13 LOC-M""";
"25,""291"",""Arsenio MARTIN GONZALEZ"",""https://tenerifebluetrail.com/tracking_datatables/es/runner.html?ev=127&o=947&l=en&m=1410&e=FIN&u=1466535751408&method=ResAtletaUid"",""24"",""11 VETA-M"",""VETA"",""INDEPENDIENTE"",""15:42:59"",""09:43"",""04:13:12"",""14006"",""M"",""14 LOC-M""";
"26,""292"",""Marcos MARTIN GONZALEZ"",""https://tenerifebluetrail.com/tracking_datatables/es/runner.html?ev=127&o=947&l=en&m=1410&e=FIN&u=1465705230635&method=ResAtletaUid"",""25"",""13 SEN-M"",""SEN"",""-"",""15:52:52"",""09:49"",""04:23:05"",""14008"",""M"",""15 LOC-M""";
"27,""51"",""Carlos BRAVO CONDE"",""https://tenerifebluetrail.com/tracking_datatables/es/runner.html?ev=127&o=947&l=en&m=1410&e=FIN&u=1487884336219&method=ResAtletaUid"",""26"",""14 SEN-M"",""SEN"",""PEÑACORADA TRAIL/LOS REJOS"",""15:59:57"",""09:53"",""04:30:10"",""14008"",""M"",""""";
"28,""17"",""Bruno Toribio  AGUILAR GUTIÉRREZ"",""https://tenerifebluetrail.com/tracking_datatables/es/runner.html?ev=127&o=947&l=en&m=1410&e=FIN&u=1466535753245&method=ResAtletaUid"",""27"",""15 SEN-M"",""SEN"",""C.M. LAURISILVA"",""15:59:57"",""09:53"",""04:30:10"",""14008"",""M"",""16 LOC-M""";
"29,""213"",""Roberto GUILARTE SIMÓN"",""https://tenerifebluetrail.com/tracking_datatables/es/runner.html?ev=127&o=947&l=en&m=1410&e=FIN&u=1466535752396&method=ResAtletaUid"",""28"",""12 VETA-M"",""VETA"",""-"",""16:09:14"",""09:59"",""04:39:27"",""14006"",""M"",""""";
"30,""487"",""Garikoitz ZUMETA ARTOLA"",""https://tenerifebluetrail.com/tracking_datatables/es/runner.html?ev=127&o=947&l=en&m=1410&e=FIN&u=1476263260821&method=ResAtletaUid"",""29"",""16 SEN-M"",""SEN"",""alpino uzturre"",""16:11:35"",""10:00"",""04:41:48"",""14008"",""M"",""""";
"31,""415"",""Jose Andres RODRIGUEZ PALENZUELA"",""https://tenerifebluetrail.com/tracking_datatables/es/runner.html?ev=127&o=947&l=en&m=1410&e=FIN&u=1466535745413&method=ResAtletaUid"",""30"",""17 SEN-M"",""SEN"",""Isla baja trail"",""16:17:14"",""10:04"",""04:47:27"",""14008"",""M"",""17 LOC-M""";
"32,""263"",""Jose Juan LOPEZ FIGUERO"",""https://tenerifebluetrail.com/tracking_datatables/es/runner.html?ev=127&o=947&l=en&m=1410&e=FIN&u=1481290968862&method=ResAtletaUid"",""31"",""18 SEN-M"",""SEN"",""ROCK HILL STRIDERS"",""16:27:35"",""10:10"",""04:57:48"",""14008"",""M"",""""";
"33,""324"",""Bruno MONTESDEOCA RAMOS"",""https://tenerifebluetrail.com/tracking_datatables/es/runner.html?ev=127&o=947&l=en&m=1410&e=FIN&u=1465705227339&method=ResAtletaUid"",""32"",""19 SEN-M"",""SEN"",""C.T. CANDETLON"",""16:28:24"",""10:11"",""04:58:37"",""14008"",""M"",""18 LOC-M""";
"34,""311"",""Alberto  MEGIDO CASTELLANO"",""https://tenerifebluetrail.com/tracking_datatables/es/runner.html?ev=127&o=947&l=en&m=1410&e=FIN&u=1466535752203&method=ResAtletaUid"",""33"",""13 VETA-M"",""VETA"",""Bichillorunner"",""16:33:20"",""10:14"",""05:03:33"",""14006"",""M"",""""";
"35,""362"",""Pedro PÉREZ PALENZUELA"",""https://tenerifebluetrail.com/tracking_datatables/es/runner.html?ev=127&o=947&l=en&m=1410&e=FIN&u=1465705234101&method=ResAtletaUid"",""34"",""20 SEN-M"",""SEN"",""Podonatrail"",""16:34:27"",""10:15"",""05:04:40"",""14008"",""M"",""19 LOC-M""";
"36,""136"",""Avelino FLECHA TASCÓN"",""https://tenerifebluetrail.com/tracking_datatables/es/runner.html?ev=127&o=947&l=en&m=1410&e=FIN&u=1472256313031&method=ResAtletaUid"",""35"",""2 VETB-M"",""VETB"",""CLUB MONTAÑA VILLALFEIDE"",""16:36:40"",""10:16"",""05:06:53"",""14005"",""M"",""""";
"37,""402"",""Juan Carlos RODRÍGUEZ CASTILLA"",""https://tenerifebluetrail.com/tracking_datatables/es/runner.html?ev=127&o=947&l=en&m=1410&e=FIN&u=1487884332784&method=ResAtletaUid"",""36"",""14 VETA-M"",""VETA"",""anaga trail"",""16:38:27"",""10:17"",""05:08:40"",""14006"",""M"",""20 LOC-M""";
"38,""147"",""Alfonso GARCÍA CLEMENTE"",""https://tenerifebluetrail.com/tracking_datatables/es/runner.html?ev=127&o=947&l=en&m=1410&e=FIN&u=1466535753606&method=ResAtletaUid"",""37"",""21 SEN-M"",""SEN"",""Melenudos Team"",""16:41:46"",""10:19"",""05:11:59"",""14008"",""M"",""""";
"39,""288"",""Andrés MARTÍ PUIG"",""https://tenerifebluetrail.com/tracking_datatables/es/runner.html?ev=127&o=947&l=en&m=1410&e=FIN&u=1492670212171&method=ResAtletaUid"",""38"",""15 VETA-M"",""VETA"",""TURURAC SPORTS-CORRESENDES XERESA"",""16:47:23"",""10:23"",""05:17:36"",""14006"",""M"",""""";
"40,""301"",""Joran MARTIN PEREZ"",""https://tenerifebluetrail.com/tracking_datatables/es/runner.html?ev=127&o=947&l=en&m=1410&e=FIN&u=1466535742550&method=ResAtletaUid"",""39"",""22 SEN-M"",""SEN"",""CCT Santa Cruz-Magec Trail"",""16:47:54"",""10:23"",""05:18:07"",""14008"",""M"",""21 LOC-M""";
"41,""262"",""Marcos  LÓPEZ ÁLVAREZ"",""https://tenerifebluetrail.com/tracking_datatables/es/runner.html?ev=127&o=947&l=en&m=1410&e=FIN&u=1465705234165&method=ResAtletaUid"",""40"",""16 VETA-M"",""VETA"",""CD ARISTA"",""16:50:13"",""10:24"",""05:20:26"",""14006"",""M"",""""";
"42,""412"",""Miguel Sinue RODRÍGUEZ NAVARRO"",""https://tenerifebluetrail.com/tracking_datatables/es/runner.html?ev=127&o=947&l=en&m=1410&e=FIN&u=1465705232288&method=ResAtletaUid"",""41"",""17 VETA-M"",""VETA"",""TRECUS DOMINGO ALONSO LA PALMA"",""16:54:09"",""10:27"",""05:24:22"",""14006"",""M"",""22 LOC-M""";
"43,""32"",""Airam BAEZ ACOSTA"",""https://tenerifebluetrail.com/tracking_datatables/es/runner.html?ev=127&o=947&l=en&m=1410&e=FIN&u=1466535747743&method=ResAtletaUid"",""42"",""23 SEN-M"",""SEN"",""DE MAR A CUMBRE MUFLONES TRAIL"",""16:55:57"",""10:28"",""05:26:10"",""14008"",""M"",""23 LOC-M""";
"44,""388"",""Chamu  RAVELO"",""https://tenerifebluetrail.com/tracking_datatables/es/runner.html?ev=127&o=947&l=en&m=1410&e=FIN&u=1467820444150&method=ResAtletaUid"",""43"",""24 SEN-M"",""SEN"",""bohemian team"",""16:56:26"",""10:28"",""05:26:39"",""14008"",""M"",""24 LOC-M";"2 MIL-M"""
"45,""206"",""Salvador  GONZALEZ TEODORO"",""https://tenerifebluetrail.com/tracking_datatables/es/runner.html?ev=127&o=947&l=en&m=1410&e=FIN&u=1490814718699&method=ResAtletaUid"",""44"",""25 SEN-M"",""SEN"",""ALBORACHE RUNNERS"",""16:56:44"",""10:28"",""05:26:57"",""14008"",""M"",""""";
"46,""2"",""Cinzia BERTASA"",""https://tenerifebluetrail.com/tracking_datatables/es/runner.html?ev=127&o=947&l=en&m=1410&e=FIN&u=1484495043532&method=ResAtletaUid"",""2-F"",""1 VETA-F"",""VETA"",""BERGAMO STARS"",""16:57:49"",""10:29"",""05:28:02"",""14004"",""F"",""""";
"47,""193"",""Jesus Manuel GONZALEZ MENDEZ"",""https://tenerifebluetrail.com/tracking_datatables/es/runner.html?ev=127&o=947&l=en&m=1410&e=FIN&u=1466535748323&method=ResAtletaUid"",""45"",""18 VETA-M"",""VETA"",""TENERIFE TRAIL"",""17:00:57"",""10:31"",""05:31:10"",""14006"",""M"",""25 LOC-M""";
"48,""71"",""Paco CASTILLO CARRASCAL"",""https://tenerifebluetrail.com/tracking_datatables/es/runner.html?ev=127&o=947&l=en&m=1410&e=FIN&u=1485977304814&method=ResAtletaUid"",""46"",""19 VETA-M"",""VETA"",""palleja"",""17:01:00"",""10:31"",""05:31:13"",""14006"",""M"",""""";
"49,""351"",""Iván PÉREZ CARLOS"",""https://tenerifebluetrail.com/tracking_datatables/es/runner.html?ev=127&o=947&l=en&m=1410&e=FIN&u=1465705239068&method=ResAtletaUid"",""47"",""26 SEN-M"",""SEN"",""TENERIFETRAIL"",""17:04:09"",""10:33"",""05:34:22"",""14008"",""M"",""26 LOC-M""";
"50,""146"",""Jose Juan GARCESO CAMACHO"",""https://tenerifebluetrail.com/tracking_datatables/es/runner.html?ev=127&o=947&l=en&m=1410&e=FIN&u=1466535749952&method=ResAtletaUid"",""48"",""27 SEN-M"",""SEN"",""PUNTA BRAVA RUNNERS"",""17:06:05"",""10:34"",""05:36:18"",""14008"",""M"",""27 LOC-M""";
"51,""462"",""Kevin SUAREZ SANTIAGO"",""https://tenerifebluetrail.com/tracking_datatables/es/runner.html?ev=127&o=947&l=en&m=1410&e=FIN&u=1465705225601&method=ResAtletaUid"",""49"",""28 SEN-M"",""SEN"",""-"",""17:08:37"",""10:36"",""05:38:50"",""14008"",""M"",""""";
"52,""379"",""Francisco  QUINTANA SANCHEZ"",""https://tenerifebluetrail.com/tracking_datatables/es/runner.html?ev=127&o=947&l=en&m=1410&e=FIN&u=1466535749837&method=ResAtletaUid"",""50"",""20 VETA-M"",""VETA"",""Guagua infinito Trail"",""17:19:42"",""10:43"",""05:49:55"",""14006"",""M"",""""";
"53,""90"",""Ivan Pablo DE LEON HERNANDEZ"",""https://tenerifebluetrail.com/tracking_datatables/es/runner.html?ev=127&o=947&l=en&m=1410&e=FIN&u=1490814694025&method=ResAtletaUid"",""51"",""29 SEN-M"",""SEN"",""Parrandas Team"",""17:23:16"",""10:45"",""05:53:29"",""14008"",""M"",""28 LOC-M""";
"54,""68"",""Juan Antonio CARREÑO CLEMENTE"",""https://tenerifebluetrail.com/tracking_datatables/es/runner.html?ev=127&o=947&l=en&m=1410&e=FIN&u=1494461103157&method=ResAtletaUid"",""52"",""21 VETA-M"",""VETA"",""The Box Running Club"",""17:29:32"",""10:49"",""05:59:45"",""14006"",""M"",""""";
"55,""37"",""Pablo David BARROSO FAJARDO"",""https://tenerifebluetrail.com/tracking_datatables/es/runner.html?ev=127&o=947&l=en&m=1410&e=FIN&u=1465705237876&method=ResAtletaUid"",""53"",""30 SEN-M"",""SEN"",""-"",""17:29:52"",""10:49"",""06:00:05"",""14008"",""M"",""29 LOC-M""";
"56,""294"",""Ana Belén  MARTÍN GONZÁLEZ"",""https://tenerifebluetrail.com/tracking_datatables/es/runner.html?ev=127&o=947&l=en&m=1410&e=FIN&u=1466535752763&method=ResAtletaUid"",""3-F"",""2 VETA-F"",""VETA"",""GOT TEAM"",""17:32:39"",""10:51"",""06:02:52"",""14004"",""F"",""1 LOC-F""";
"57,""209"",""Felix Ivan GUANCHE MARRERO"",""https://tenerifebluetrail.com/tracking_datatables/es/runner.html?ev=127&o=947&l=en&m=1410&e=FIN&u=1465705225182&method=ResAtletaUid"",""54"",""22 VETA-M"",""VETA"",""GOT TEAM"",""17:32:40"",""10:51"",""06:02:53"",""14006"",""M"",""30 LOC-M""";
"58,""383"",""Alfredo Severo RAMÍREZ GONZÁLEZ"",""https://tenerifebluetrail.com/tracking_datatables/es/runner.html?ev=127&o=947&l=en&m=1410&e=FIN&u=1466535751023&method=ResAtletaUid"",""55"",""23 VETA-M"",""VETA"",""ASOCIACIÓN DEPORTIVA GRANAVENTURA"",""17:33:58"",""10:51"",""06:04:11"",""14006"",""M"",""31 LOC-M""";
"59,""240"",""Tamara HERNANDEZ VELAZQUEZ"",""https://tenerifebluetrail.com/tracking_datatables/es/runner.html?ev=127&o=947&l=en&m=1410&e=FIN&u=1466535748491&method=ResAtletaUid"",""4-F"",""2 SEN-F"",""SEN"",""ISLA BAJA TRAIL"",""17:34:54"",""10:52"",""06:05:07"",""14001"",""F"",""2 LOC-F""";
"60,""373"",""Jose Juan PLASENCIA FUENTES"",""https://tenerifebluetrail.com/tracking_datatables/es/runner.html?ev=127&o=947&l=en&m=1410&e=FIN&u=1482565361538&method=ResAtletaUid"",""56"",""1 VETC-M"",""VETC"",""Aiiiiiiiadelante Team"",""17:37:48"",""10:54"",""06:08:01"",""14011"",""M"",""32 LOC-M""";
"61,""84"",""Ruyman CRUZ DELGADO"",""https://tenerifebluetrail.com/tracking_datatables/es/runner.html?ev=127&o=947&l=en&m=1410&e=FIN&u=1492670216791&method=ResAtletaUid"",""57"",""31 SEN-M"",""SEN"",""ARCHIPIELAGO TRAIL"",""17:39:50"",""10:55"",""06:10:03"",""14008"",""M"",""33 LOC-M""";
"62,""337"",""Javier ORTEGA BALLESTER"",""https://tenerifebluetrail.com/tracking_datatables/es/runner.html?ev=127&o=947&l=en&m=1410&e=FIN&u=1466535751291&method=ResAtletaUid"",""58"",""32 SEN-M"",""SEN"",""-"",""17:40:04"",""10:55"",""06:10:17"",""14008"",""M"",""34 LOC-M""";
"63,""396"",""Gregorio Jesus RIVERO GUTIERREZ"",""https://tenerifebluetrail.com/tracking_datatables/es/runner.html?ev=127&o=947&l=en&m=1410&e=FIN&u=1465705225536&method=ResAtletaUid"",""59"",""24 VETA-M"",""VETA"",""C.D VANTRAIL"",""17:43:45"",""10:57"",""06:13:58"",""14006"",""M"",""""";
"64,""52"",""Rayco BRAVO HERNÁNDEZ"",""https://tenerifebluetrail.com/tracking_datatables/es/runner.html?ev=127&o=947&l=en&m=1410&e=FIN&u=1466535751333&method=ResAtletaUid"",""60"",""33 SEN-M"",""SEN"",""Atlantes Trail"",""17:49:05"",""11:01"",""06:19:18"",""14008"",""M"",""35 LOC-M""";
"65,""184"",""Victor Manuel GONZALEZ GONZALEZ"",""https://tenerifebluetrail.com/tracking_datatables/es/runner.html?ev=127&o=947&l=en&m=1410&e=FIN&u=1465705235989&method=ResAtletaUid"",""61"",""25 VETA-M"",""VETA"",""ANAGA TRAIL"",""17:50:03"",""11:01"",""06:20:16"",""14006"",""M"",""36 LOC-M""";
"66,""238"",""Francisco Javier HERNANDEZ SANCHEZ"",""https://tenerifebluetrail.com/tracking_datatables/es/runner.html?ev=127&o=947&l=en&m=1410&e=FIN&u=1492064104404&method=ResAtletaUid"",""62"",""26 VETA-M"",""VETA"",""SSJ NUTRITION SPORT"",""17:52:05"",""11:03"",""06:22:18"",""14006"",""M"",""37 LOC-M""";
"67,""153"",""Fernando GARCÍA HERNÁNDEZ"",""https://tenerifebluetrail.com/tracking_datatables/es/runner.html?ev=127&o=947&l=en&m=1410&e=FIN&u=1472256291192&method=ResAtletaUid"",""63"",""34 SEN-M"",""SEN"",""Menriscotrail"",""17:52:12"",""11:03"",""06:22:25"",""14008"",""M"",""3 MIL-M";"38 LOC-M"""
"68,""78"",""Francisco CLEMENTE LÓPEZ"",""https://tenerifebluetrail.com/tracking_datatables/es/runner.html?ev=127&o=947&l=en&m=1410&e=FIN&u=1465705229932&method=ResAtletaUid"",""64"",""27 VETA-M"",""VETA"",""Asociación Kairós"",""17:57:03"",""11:06"",""06:27:16"",""14006"",""M"",""39 LOC-M""";
"69,""223"",""Juan Francisco HERNÁNDEZ DE LA ROSA"",""https://tenerifebluetrail.com/tracking_datatables/es/runner.html?ev=127&o=947&l=en&m=1410&e=FIN&u=1482050884187&method=ResAtletaUid"",""65"",""35 SEN-M"",""SEN"",""AIIIIIIDELANTE TEAM"",""18:01:38"",""11:09"",""06:31:51"",""14008"",""M"",""40 LOC-M""";
"70,""234"",""Jose Manuel HERNÁNDEZ MÉNDEZ"",""https://tenerifebluetrail.com/tracking_datatables/es/runner.html?ev=127&o=947&l=en&m=1410&e=FIN&u=1465705230569&method=ResAtletaUid"",""66"",""28 VETA-M"",""VETA"",""LEVANTAPOLVACERAS"",""18:04:07"",""11:10"",""06:34:20"",""14006"",""M"",""41 LOC-M""";
"71,""72"",""Eugenia CASTRO AFONSO"",""https://tenerifebluetrail.com/tracking_datatables/es/runner.html?ev=127&o=947&l=en&m=1410&e=FIN&u=1465705236209&method=ResAtletaUid"",""5-F"",""1 VETB-F"",""VETB"",""7 RAID"",""18:04:18"",""11:10"",""06:34:31"",""14002"",""F"",""3 LOC-F""";
"72,""276"",""Sixto LORENZO FARRAIS"",""https://tenerifebluetrail.com/tracking_datatables/es/runner.html?ev=127&o=947&l=en&m=1410&e=FIN&u=1466535752440&method=ResAtletaUid"",""67"",""29 VETA-M"",""VETA"",""-"",""18:04:20"",""11:10"",""06:34:33"",""14006"",""M"",""42 LOC-M""";
"73,""82"",""Rocio CORZO BRUÑAS"",""https://tenerifebluetrail.com/tracking_datatables/es/runner.html?ev=127&o=947&l=en&m=1410&e=FIN&u=1465705236782&method=ResAtletaUid"",""6-F"",""3 SEN-F"",""SEN"",""Coyotes Tenerife trail"",""18:05:50"",""11:11"",""06:36:03"",""14001"",""F"",""1 MIL-F";"4 LOC-F"""
"74,""73"",""Eduardo CEBRIÁN MARTÍNEZ DE LAGOS"",""https://tenerifebluetrail.com/tracking_datatables/es/runner.html?ev=127&o=947&l=en&m=1410&e=FIN&u=1465705229302&method=ResAtletaUid"",""68"",""30 VETA-M"",""VETA"",""Tenerife Trail"",""18:18:26"",""11:19"",""06:48:39"",""14006"",""M"",""43 LOC-M""";
"75,""430"",""Marcos ROSQUETE IZQUIERDO"",""https://tenerifebluetrail.com/tracking_datatables/es/runner.html?ev=127&o=947&l=en&m=1410&e=FIN&u=1466535753597&method=ResAtletaUid"",""69"",""36 SEN-M"",""SEN"",""KALANDRAKAS TRAIL"",""18:19:27"",""11:20"",""06:49:40"",""14008"",""M"",""44 LOC-M""";
"76,""181"",""Francisco  GONZALEZ GARCIA"",""https://tenerifebluetrail.com/tracking_datatables/es/runner.html?ev=127&o=947&l=en&m=1410&e=FIN&u=1466535745901&method=ResAtletaUid"",""70"",""37 SEN-M"",""SEN"",""MACHETE TRAIL"",""18:21:44"",""11:21"",""06:51:57"",""14008"",""M"",""45 LOC-M""";
"77,""79"",""Gonzalo CONCHESO PANIAGUA"",""https://tenerifebluetrail.com/tracking_datatables/es/runner.html?ev=127&o=947&l=en&m=1410&e=FIN&u=1487884329179&method=ResAtletaUid"",""71"",""31 VETA-M"",""VETA"",""-"",""18:25:01"",""11:23"",""06:55:14"",""14006"",""M"",""""";
"78,""119"",""Gerhard EGGENREICH"",""https://tenerifebluetrail.com/tracking_datatables/es/runner.html?ev=127&o=947&l=en&m=1410&e=FIN&u=1481290984901&method=ResAtletaUid"",""72"",""3 VETB-M"",""VETB"",""RC NORSKE SKOG BRUCK MUR"",""18:26:23"",""11:24"",""06:56:36"",""14005"",""M"",""""";
"79,""322"",""José Antonio MOLINA GONZALEZ"",""https://tenerifebluetrail.com/tracking_datatables/es/runner.html?ev=127&o=947&l=en&m=1410&e=FIN&u=1465705226038&method=ResAtletaUid"",""73"",""4 VETB-M"",""VETB"",""Atlantes trail"",""18:31:35"",""11:27"",""07:01:48"",""14005"",""M"",""46 LOC-M""";
"80,""329"",""Sandra MORENO SANTIAGO"",""https://tenerifebluetrail.com/tracking_datatables/es/runner.html?ev=127&o=947&l=en&m=1410&e=FIN&u=1465705228246&method=ResAtletaUid"",""7-F"",""3 VETA-F"",""VETA"",""C.D Bichillorunner Canarias"",""18:34:44"",""11:29"",""07:04:57"",""14004"",""F"",""""";
"81,""260"",""Rubén LEZCANO RIVERO"",""https://tenerifebluetrail.com/tracking_datatables/es/runner.html?ev=127&o=947&l=en&m=1410&e=FIN&u=1466535745635&method=ResAtletaUid"",""74"",""32 VETA-M"",""VETA"",""CARUCAT"",""18:34:58"",""11:29"",""07:05:11"",""14006"",""M"",""""";
"82,""176"",""David GONZÁLEZ DELGADO"",""https://tenerifebluetrail.com/tracking_datatables/es/runner.html?ev=127&o=947&l=en&m=1410&e=FIN&u=1465705237539&method=ResAtletaUid"",""75"",""33 VETA-M"",""VETA"",""TRIABONA"",""18:35:53"",""11:30"",""07:06:06"",""14006"",""M"",""47 LOC-M""";
"83,""261"",""Yeray Martin LINARES MORENO"",""https://tenerifebluetrail.com/tracking_datatables/es/runner.html?ev=127&o=947&l=en&m=1410&e=FIN&u=1466535747110&method=ResAtletaUid"",""76"",""38 SEN-M"",""SEN"",""PLATANO TRAIL"",""18:35:53"",""11:30"",""07:06:06"",""14008"",""M"",""48 LOC-M""";
"84,""327"",""Juan MORENO"",""https://tenerifebluetrail.com/tracking_datatables/es/runner.html?ev=127&o=947&l=en&m=1410&e=FIN&u=1469638125833&method=ResAtletaUid"",""77"",""34 VETA-M"",""VETA"",""Espartans"",""18:38:16"",""11:31"",""07:08:29"",""14006"",""M"",""""";
"85,""198"",""Lorenzo David GONZALEZ RODRIGUEZ"",""https://tenerifebluetrail.com/tracking_datatables/es/runner.html?ev=127&o=947&l=en&m=1410&e=FIN&u=1465705227862&method=ResAtletaUid"",""78"",""39 SEN-M"",""SEN"",""TENERIFE MAMUT TRAIL"",""18:38:22"",""11:31"",""07:08:35"",""14008"",""M"",""49 LOC-M""";
"86,""463"",""Sergei SURMONIN"",""https://tenerifebluetrail.com/tracking_datatables/es/runner.html?ev=127&o=947&l=en&m=1410&e=FIN&u=1487884341757&method=ResAtletaUid"",""79"",""35 VETA-M"",""VETA"",""-"",""18:38:26"",""11:31"",""07:08:39"",""14006"",""M"",""""";
"87,""451"",""Carlos Antero  SIMÓN LENTINI"",""https://tenerifebluetrail.com/tracking_datatables/es/runner.html?ev=127&o=947&l=en&m=1410&e=FIN&u=1487884347407&method=ResAtletaUid"",""80"",""40 SEN-M"",""SEN"",""-"",""18:38:37"",""11:31"",""07:08:50"",""14008"",""M"",""4 MIL-M";"50 LOC-M"""
"88,""154"",""Antoni GARCÍA HERNÁNDEZ"",""https://tenerifebluetrail.com/tracking_datatables/es/runner.html?ev=127&o=947&l=en&m=1410&e=FIN&u=1465705235096&method=ResAtletaUid"",""81"",""41 SEN-M"",""SEN"",""KABRANKEROS"",""18:42:10"",""11:34"",""07:12:23"",""14008"",""M"",""""";
"89,""212"",""Luis Miguel GUERRERO MORALES"",""https://tenerifebluetrail.com/tracking_datatables/es/runner.html?ev=127&o=947&l=en&m=1410&e=FIN&u=1466535746281&method=ResAtletaUid"",""82"",""5 VETB-M"",""VETB"",""CARUCAT"",""18:43:39"",""11:35"",""07:13:52"",""14005"",""M"",""""";
"90,""12"",""José Vicente ACOSTA PÉREZ"",""https://tenerifebluetrail.com/tracking_datatables/es/runner.html?ev=127&o=947&l=en&m=1410&e=FIN&u=1466535750314&method=ResAtletaUid"",""83"",""6 VETB-M"",""VETB"",""TEAM ACOSTA"",""18:44:18"",""11:35"",""07:14:31"",""14005"",""M"",""""";
"91,""11"",""Félix Manuel ACOSTA PEREZ"",""https://tenerifebluetrail.com/tracking_datatables/es/runner.html?ev=127&o=947&l=en&m=1410&e=FIN&u=1466535750399&method=ResAtletaUid"",""84"",""36 VETA-M"",""VETA"",""TEAM ACOSTA"",""18:44:18"",""11:35"",""07:14:31"",""14006"",""M"",""""";
"92,""386"",""Juan Carlos RAMOS QUINTANA"",""https://tenerifebluetrail.com/tracking_datatables/es/runner.html?ev=127&o=947&l=en&m=1410&e=FIN&u=1492670218505&method=ResAtletaUid"",""85"",""37 VETA-M"",""VETA"",""Arista"",""18:47:25"",""11:37"",""07:17:38"",""14006"",""M"",""""";
"93,""446"",""Ariel  SANTANA REYES"",""https://tenerifebluetrail.com/tracking_datatables/es/runner.html?ev=127&o=947&l=en&m=1410&e=FIN&u=1465705225460&method=ResAtletaUid"",""86"",""42 SEN-M"",""SEN"",""C.D. Vandama"",""18:53:54"",""11:41"",""07:24:07"",""14008"",""M"",""""";
"94,""99"",""Jonas DELLI PAOLI RAMOS"",""https://tenerifebluetrail.com/tracking_datatables/es/runner.html?ev=127&o=947&l=en&m=1410&e=FIN&u=1466535745601&method=ResAtletaUid"",""87"",""43 SEN-M"",""SEN"",""C.T.CANDETLON"",""18:55:37"",""11:42"",""07:25:50"",""14008"",""M"",""51 LOC-M""";
"95,""438"",""Héctor Anibal  SÁNCHEZ FDEZ"",""https://tenerifebluetrail.com/tracking_datatables/es/runner.html?ev=127&o=947&l=en&m=1410&e=FIN&u=1465705235879&method=ResAtletaUid"",""88"",""38 VETA-M"",""VETA"",""C.d. Guaxit zona aborigen"",""18:57:02"",""11:43"",""07:27:15"",""14006"",""M"",""52 LOC-M""";
"96,""49"",""David BOUZADA BIURRUN"",""https://tenerifebluetrail.com/tracking_datatables/es/runner.html?ev=127&o=947&l=en&m=1410&e=FIN&u=1465705236618&method=ResAtletaUid"",""89"",""39 VETA-M"",""VETA"",""ARISTA RUNNIS"",""19:03:31"",""11:47"",""07:33:44"",""14006"",""M"",""53 LOC-M""";
"97,""458"",""Jose SUAREZ CARDENES"",""https://tenerifebluetrail.com/tracking_datatables/es/runner.html?ev=127&o=947&l=en&m=1410&e=FIN&u=1465705233133&method=ResAtletaUid"",""90"",""7 VETB-M"",""VETB"",""Divertitrail"",""19:03:46"",""11:47"",""07:33:59"",""14005"",""M"",""""";
"98,""106"",""Jorge Edén  DÍAZ GONZÁLEZ"",""https://tenerifebluetrail.com/tracking_datatables/es/runner.html?ev=127&o=947&l=en&m=1410&e=FIN&u=1465705237489&method=ResAtletaUid"",""91"",""44 SEN-M"",""SEN"",""-"",""19:06:16"",""11:49"",""07:36:29"",""14008"",""M"",""54 LOC-M""";
"99,""323"",""Fernando MOLINA GONZÁLEZ"",""https://tenerifebluetrail.com/tracking_datatables/es/runner.html?ev=127&o=947&l=en&m=1410&e=FIN&u=1466535750032&method=ResAtletaUid"",""92"",""40 VETA-M"",""VETA"",""7K TRAIL TEAM"",""19:07:30"",""11:49"",""07:37:43"",""14006"",""M"",""55 LOC-M""";
"100,""355"",""Sergio  PÉREZ FARIÑA"",""https://tenerifebluetrail.com/tracking_datatables/es/runner.html?ev=127&o=947&l=en&m=1410&e=FIN&u=1481290983397&method=ResAtletaUid"",""93"",""45 SEN-M"",""SEN"",""Menriscotrail"",""19:07:51"",""11:50"",""07:38:04"",""14008"",""M"",""56 LOC-M";"5 MIL-M"""
"101,""314"",""Juan MELIAN MONROY"",""https://tenerifebluetrail.com/tracking_datatables/es/runner.html?ev=127&o=947&l=en&m=1410&e=FIN&u=1466535753626&method=ResAtletaUid"",""94"",""41 VETA-M"",""VETA"",""C.D.ATLEFULCA"",""19:08:04"",""11:50"",""07:38:17"",""14006"",""M"",""""";
"102,""174"",""José  Ramón  GONZÁLEZ CASANOVA"",""https://tenerifebluetrail.com/tracking_datatables/es/runner.html?ev=127&o=947&l=en&m=1410&e=FIN&u=1466535741334&method=ResAtletaUid"",""95"",""42 VETA-M"",""VETA"",""C.D.ABINQUE"",""19:10:16"",""11:51"",""07:40:29"",""14006"",""M"",""57 LOC-M""";
"103,""397"",""Mario RODOLFI"",""https://tenerifebluetrail.com/tracking_datatables/es/runner.html?ev=127&o=947&l=en&m=1410&e=FIN&u=1485451219995&method=ResAtletaUid"",""96"",""8 VETB-M"",""VETB"",""Croce Arcana"",""19:10:47"",""11:51"",""07:41:00"",""14005"",""M"",""""";
"104,""27"",""Gaston ANTONACCI MORALES"",""https://tenerifebluetrail.com/tracking_datatables/es/runner.html?ev=127&o=947&l=en&m=1410&e=FIN&u=1490814691489&method=ResAtletaUid"",""97"",""46 SEN-M"",""SEN"",""-"",""19:10:51"",""11:51"",""07:41:04"",""14008"",""M"",""""";
"105,""231"",""Jose Alberto  HERNÁNDEZ HERNÁNDEZ"",""https://tenerifebluetrail.com/tracking_datatables/es/runner.html?ev=127&o=947&l=en&m=1410&e=FIN&u=1466535750538&method=ResAtletaUid"",""98"",""9 VETB-M"",""VETB"",""-"",""19:12:34"",""11:52"",""07:42:47"",""14005"",""M"",""58 LOC-M""";
"106,""425"",""Julio RODRIGUEZ TRIANA"",""https://tenerifebluetrail.com/tracking_datatables/es/runner.html?ev=127&o=947&l=en&m=1410&e=FIN&u=1465705231647&method=ResAtletaUid"",""99"",""2 VETC-M"",""VETC"",""CAMINANTES EL ATAJO"",""19:14:06"",""11:53"",""07:44:19"",""14011"",""M"",""""";
"107,""252"",""Giovanni LA ROCCA"",""https://tenerifebluetrail.com/tracking_datatables/es/runner.html?ev=127&o=947&l=en&m=1410&e=FIN&u=1479998804711&method=ResAtletaUid"",""100"",""43 VETA-M"",""VETA"",""LIBERO"",""19:14:17"",""11:53"",""07:44:30"",""14006"",""M"",""""";
"108,""138"",""Mark FOWELL"",""https://tenerifebluetrail.com/tracking_datatables/es/runner.html?ev=127&o=947&l=en&m=1410&e=FIN&u=1472256345609&method=ResAtletaUid"",""101"",""10 VETB-M"",""VETB"",""ROLLS-ROYCE HARRIERS"",""19:14:17"",""11:53"",""07:44:30"",""14005"",""M"",""""";
"109,""360"",""Luís Alberto PÉREZ MACHIN"",""https://tenerifebluetrail.com/tracking_datatables/es/runner.html?ev=127&o=947&l=en&m=1410&e=FIN&u=1466535744752&method=ResAtletaUid"",""102"",""47 SEN-M"",""SEN"",""Garafiaventura"",""19:18:48"",""11:56"",""07:49:01"",""14008"",""M"",""""";
"110,""22"",""Guillermo ALONSO MENA"",""https://tenerifebluetrail.com/tracking_datatables/es/runner.html?ev=127&o=947&l=en&m=1410&e=FIN&u=1466535748955&method=ResAtletaUid"",""103"",""48 SEN-M"",""SEN"",""PLÁTANO TRAIL"",""19:25:58"",""12:01"",""07:56:11"",""14008"",""M"",""59 LOC-M""";
"111,""428"",""Vicente  ROJAS ROJAS"",""https://tenerifebluetrail.com/tracking_datatables/es/runner.html?ev=127&o=947&l=en&m=1410&e=FIN&u=1466535752538&method=ResAtletaUid"",""104"",""44 VETA-M"",""VETA"",""Anaga Trail"",""19:27:07"",""12:01"",""07:57:20"",""14006"",""M"",""60 LOC-M""";
"112,""366"",""Carmelo PEREZ SANTANA"",""https://tenerifebluetrail.com/tracking_datatables/es/runner.html?ev=127&o=947&l=en&m=1410&e=FIN&u=1465705233973&method=ResAtletaUid"",""105"",""45 VETA-M"",""VETA"",""C.D. ATLEFULCA"",""19:27:31"",""12:02"",""07:57:44"",""14006"",""M"",""""";
"113,""376"",""Tanausú QUESADA MEDINA"",""https://tenerifebluetrail.com/tracking_datatables/es/runner.html?ev=127&o=947&l=en&m=1410&e=FIN&u=1466535745524&method=ResAtletaUid"",""106"",""46 VETA-M"",""VETA"",""Arista"",""19:27:38"",""12:02"",""07:57:51"",""14006"",""M"",""""";
"114,""247"",""Sergio JIMÉNEZ PÉREZ"",""https://tenerifebluetrail.com/tracking_datatables/es/runner.html?ev=127&o=947&l=en&m=1410&e=FIN&u=1466535749605&method=ResAtletaUid"",""107"",""47 VETA-M"",""VETA"",""VIDATRAIL"",""19:28:03"",""12:02"",""07:58:16"",""14006"",""M"",""61 LOC-M""";
"115,""320"",""Vicente Imeldo MOLINA DONIZ"",""https://tenerifebluetrail.com/tracking_datatables/es/runner.html?ev=127&o=947&l=en&m=1410&e=FIN&u=1466535750051&method=ResAtletaUid"",""108"",""48 VETA-M"",""VETA"",""nurican trail"",""19:33:49"",""12:06"",""08:04:02"",""14006"",""M"",""62 LOC-M""";
"116,""392"",""Israel REYES PEREZ"",""https://tenerifebluetrail.com/tracking_datatables/es/runner.html?ev=127&o=947&l=en&m=1410&e=FIN&u=1466535751745&method=ResAtletaUid"",""109"",""49 VETA-M"",""VETA"",""7K Trail team"",""19:34:21"",""12:06"",""08:04:34"",""14006"",""M"",""63 LOC-M""";
"117,""92"",""Carlos Antonio DEL ROSARIO SANTANA"",""https://tenerifebluetrail.com/tracking_datatables/es/runner.html?ev=127&o=947&l=en&m=1410&e=FIN&u=1465705238163&method=ResAtletaUid"",""110"",""50 VETA-M"",""VETA"",""DE MAR A CUMBRE MUFLONES TRAIL"",""19:34:21"",""12:06"",""08:04:34"",""14006"",""M"",""64 LOC-M""";
"118,""321"",""Juan Miguel MOLINA GONZALEZ"",""https://tenerifebluetrail.com/tracking_datatables/es/runner.html?ev=127&o=947&l=en&m=1410&e=FIN&u=1465705227248&method=ResAtletaUid"",""111"",""11 VETB-M"",""VETB"",""ATLANTES TRAIL"",""19:34:22"",""12:06"",""08:04:35"",""14005"",""M"",""65 LOC-M""";
"119,""167"",""Vincent GAUDIN"",""https://tenerifebluetrail.com/tracking_datatables/es/runner.html?ev=127&o=947&l=en&m=1410&e=FIN&u=1494721563419&method=ResAtletaUid"",""112"",""51 VETA-M"",""VETA"",""Journal du Trail"",""19:34:24"",""12:06"",""08:04:37"",""14006"",""M"",""""";
"120,""330"",""Ergual MORIN JORGE"",""https://tenerifebluetrail.com/tracking_datatables/es/runner.html?ev=127&o=947&l=en&m=1410&e=FIN&u=1465705235606&method=ResAtletaUid"",""113"",""49 SEN-M"",""SEN"",""C. M. LAURISILVA"",""19:34:24"",""12:06"",""08:04:37"",""14008"",""M"",""66 LOC-M""";
"121,""421"",""Eduardo RODRÍGUEZ ROSA"",""https://tenerifebluetrail.com/tracking_datatables/es/runner.html?ev=127&o=947&l=en&m=1410&e=FIN&u=1465705233658&method=ResAtletaUid"",""114"",""50 SEN-M"",""SEN"",""Patea San Borondón Berenicedental"",""19:34:44"",""12:06"",""08:04:57"",""14008"",""M"",""67 LOC-M""";
"122,""210"",""Diego GUERRA GIL"",""https://tenerifebluetrail.com/tracking_datatables/es/runner.html?ev=127&o=947&l=en&m=1410&e=FIN&u=1465705229973&method=ResAtletaUid"",""115"",""51 SEN-M"",""SEN"",""CD ARISTA"",""19:35:39"",""12:07"",""08:05:52"",""14008"",""M"",""6 MIL-M""";
"123,""334"",""Dennis NORRIS"",""https://tenerifebluetrail.com/tracking_datatables/es/runner.html?ev=127&o=947&l=en&m=1410&e=FIN&u=1481290968880&method=ResAtletaUid"",""116"",""12 VETB-M"",""VETB"",""-"",""19:35:42"",""12:07"",""08:05:55"",""14005"",""M"",""""";
"124,""343"",""Bruno Román PADRÓN PÉREZ"",""https://tenerifebluetrail.com/tracking_datatables/es/runner.html?ev=127&o=947&l=en&m=1410&e=FIN&u=1490814706385&method=ResAtletaUid"",""117"",""52 SEN-M"",""SEN"",""TRECUS DOMINGO ALONSO LA PALMA"",""19:36:19"",""12:07"",""08:06:32"",""14008"",""M"",""68 LOC-M""";
"125,""102"",""David DIAZ"",""https://tenerifebluetrail.com/tracking_datatables/es/runner.html?ev=127&o=947&l=en&m=1410&e=FIN&u=1465705233033&method=ResAtletaUid"",""118"",""53 SEN-M"",""SEN"",""C.D. VALLIVANA"",""19:40:58"",""12:10"",""08:11:11"",""14008"",""M"",""69 LOC-M""";
"126,""145"",""Gemma GAME"",""https://tenerifebluetrail.com/tracking_datatables/es/runner.html?ev=127&o=947&l=en&m=1410&e=FIN&u=1490814715046&method=ResAtletaUid"",""8-F"",""4 SEN-F"",""SEN"",""-"",""19:42:43"",""12:11"",""08:12:56"",""14001"",""F"",""""";
"127,""239"",""Jose Ramon HERNANDEZ SANTANA"",""https://tenerifebluetrail.com/tracking_datatables/es/runner.html?ev=127&o=947&l=en&m=1410&e=FIN&u=1465705237280&method=ResAtletaUid"",""119"",""52 VETA-M"",""VETA"",""ATLANTES TRAIL"",""19:46:57"",""12:14"",""08:17:10"",""14006"",""M"",""70 LOC-M""";
"128,""454"",""Pedro SIVERIO SIVERIO"",""https://tenerifebluetrail.com/tracking_datatables/es/runner.html?ev=127&o=947&l=en&m=1410&e=FIN&u=1466535743704&method=ResAtletaUid"",""121"",""13 VETB-M"",""VETB"",""ANAGA TRAIL"",""19:46:57"",""12:14"",""08:17:10"",""14005"",""M"",""72 LOC-M""";
"129,""204"",""Leonardo GONZALEZ SARMIENTO"",""https://tenerifebluetrail.com/tracking_datatables/es/runner.html?ev=127&o=947&l=en&m=1410&e=FIN&u=1465705237262&method=ResAtletaUid"",""120"",""53 VETA-M"",""VETA"",""ATLANTES TRAIL"",""19:46:57"",""12:14"",""08:17:10"",""14006"",""M"",""71 LOC-M""";
"130,""298"",""Manuel Alexis  MARTIN LORENZO"",""https://tenerifebluetrail.com/tracking_datatables/es/runner.html?ev=127&o=947&l=en&m=1410&e=FIN&u=1465705241228&method=ResAtletaUid"",""122"",""54 SEN-M"",""SEN"",""TOP TRAIL CANARIAS"",""19:47:53"",""12:14"",""08:18:06"",""14008"",""M"",""73 LOC-M""";
"131,""183"",""Ibrahim  GONZALEZ GONZALEZ"",""https://tenerifebluetrail.com/tracking_datatables/es/runner.html?ev=127&o=947&l=en&m=1410&e=FIN&u=1466535747882&method=ResAtletaUid"",""123"",""55 SEN-M"",""SEN"",""TOP TRAIL CANARIAS"",""19:47:53"",""12:14"",""08:18:06"",""14008"",""M"",""74 LOC-M""";
"132,""429"",""Juan ROMERO GASPAR"",""https://tenerifebluetrail.com/tracking_datatables/es/runner.html?ev=127&o=947&l=en&m=1410&e=FIN&u=1487884337372&method=ResAtletaUid"",""124"",""14 VETB-M"",""VETB"",""-"",""19:48:23"",""12:15"",""08:18:36"",""14005"",""M"",""75 LOC-M""";
"133,""417"",""Antonio RODRIGUEZ PEREZ"",""https://tenerifebluetrail.com/tracking_datatables/es/runner.html?ev=127&o=947&l=en&m=1410&e=FIN&u=1465705232812&method=ResAtletaUid"",""125"",""54 VETA-M"",""VETA"",""no"",""19:50:23"",""12:16"",""08:20:36"",""14006"",""M"",""76 LOC-M""";
"134,""256"",""Neftalí  LECUONA LEÓN"",""https://tenerifebluetrail.com/tracking_datatables/es/runner.html?ev=127&o=947&l=en&m=1410&e=FIN&u=1466535746357&method=ResAtletaUid"",""126"",""56 SEN-M"",""SEN"",""MACHETE TRAIL"",""19:51:35"",""12:17"",""08:21:48"",""14008"",""M"",""77 LOC-M""";
"135,""255"",""Mark LARSON"",""https://tenerifebluetrail.com/tracking_datatables/es/runner.html?ev=127&o=947&l=en&m=1410&e=FIN&u=1487884333923&method=ResAtletaUid"",""127"",""57 SEN-M"",""SEN"",""CLATOR 3.7"",""19:51:47"",""12:17"",""08:22:00"",""14008"",""M"",""""";
"136,""473"",""Carlos ULE DELGADO"",""https://tenerifebluetrail.com/tracking_datatables/es/runner.html?ev=127&o=947&l=en&m=1410&e=FIN&u=1466535742314&method=ResAtletaUid"",""128"",""55 VETA-M"",""VETA"",""CCT Santa Cruz-Magec Trail"",""19:51:48"",""12:17"",""08:22:01"",""14006"",""M"",""78 LOC-M""";
"137,""420"",""Gonzalo RODRIGUEZ RAMOS"",""https://tenerifebluetrail.com/tracking_datatables/es/runner.html?ev=127&o=947&l=en&m=1410&e=FIN&u=1466535739360&method=ResAtletaUid"",""129"",""56 VETA-M"",""VETA"",""Cuarentañeros Running"",""19:52:43"",""12:17"",""08:22:56"",""14006"",""M"",""79 LOC-M""";
"138,""42"",""Felipe  BETANCOR ORGAZ"",""https://tenerifebluetrail.com/tracking_datatables/es/runner.html?ev=127&o=947&l=en&m=1410&e=FIN&u=1465705234257&method=ResAtletaUid"",""130"",""57 VETA-M"",""VETA"",""TENERIFE MAMUT TRAIL"",""19:52:46"",""12:17"",""08:22:59"",""14006"",""M"",""80 LOC-M""";
"139,""284"",""Iriome  MARCIAL MORENO"",""https://tenerifebluetrail.com/tracking_datatables/es/runner.html?ev=127&o=947&l=en&m=1410&e=FIN&u=1482050882750&method=ResAtletaUid"",""131"",""58 SEN-M"",""SEN"",""Tirusamat"",""19:53:41"",""12:18"",""08:23:54"",""14008"",""M"",""""";
"140,""398"",""Carlos Zebenzui RODRÍGUEZ BARRETO"",""https://tenerifebluetrail.com/tracking_datatables/es/runner.html?ev=127&o=947&l=en&m=1410&e=FIN&u=1465705241480&method=ResAtletaUid"",""132"",""59 SEN-M"",""SEN"",""-"",""19:54:07"",""12:18"",""08:24:20"",""14008"",""M"",""81 LOC-M""";
"141,""237"",""Damian HERNÁNDEZ RUIZ"",""https://tenerifebluetrail.com/tracking_datatables/es/runner.html?ev=127&o=947&l=en&m=1410&e=FIN&u=1465705241427&method=ResAtletaUid"",""133"",""58 VETA-M"",""VETA"",""TRIPTO"",""19:54:44"",""12:19"",""08:24:57"",""14006"",""M"",""82 LOC-M""";
"142,""232"",""Maria Victoria HERNÁNDEZ HERRERA"",""https://tenerifebluetrail.com/tracking_datatables/es/runner.html?ev=127&o=947&l=en&m=1410&e=FIN&u=1466535741399&method=ResAtletaUid"",""9-F"",""2 VETB-F"",""VETB"",""COMEKILOMETROS TRAIL"",""19:54:46"",""12:19"",""08:24:59"",""14002"",""F"",""5 LOC-F""";
"143,""450"",""Juan Antonio SERRANO CASTAÑO"",""https://tenerifebluetrail.com/tracking_datatables/es/runner.html?ev=127&o=947&l=en&m=1410&e=FIN&u=1465705237223&method=ResAtletaUid"",""134"",""3 VETC-M"",""VETC"",""CLUB ALPINO ELDENSE"",""19:54:46"",""12:19"",""08:24:59"",""14011"",""M"",""""";
"144,""125"",""Carlos EXPÓSITO AFONSO"",""https://tenerifebluetrail.com/tracking_datatables/es/runner.html?ev=127&o=947&l=en&m=1410&e=FIN&u=1469638133460&method=ResAtletaUid"",""135"",""60 SEN-M"",""SEN"",""EDMH"",""20:00:19"",""12:22"",""08:30:32"",""14008"",""M"",""83 LOC-M""";
"145,""266"",""David LÓPEZ LEDESMA"",""https://tenerifebluetrail.com/tracking_datatables/es/runner.html?ev=127&o=947&l=en&m=1410&e=FIN&u=1469638126593&method=ResAtletaUid"",""136"",""59 VETA-M"",""VETA"",""CLUB DEPORTIVO GUADATRAIL"",""20:00:29"",""12:22"",""08:30:42"",""14006"",""M"",""""";
"146,""245"",""Margit HIRTZY"",""https://tenerifebluetrail.com/tracking_datatables/es/runner.html?ev=127&o=947&l=en&m=1410&e=FIN&u=1481290982162&method=ResAtletaUid"",""10-F"",""3 VETB-F"",""VETB"",""LCA HOCHSCHWAB"",""20:04:35"",""12:25"",""08:34:48"",""14002"",""F"",""""";
"147,""53"",""Martina BRICARELLO"",""https://tenerifebluetrail.com/tracking_datatables/es/runner.html?ev=127&o=947&l=en&m=1410&e=FIN&u=1466535745625&method=ResAtletaUid"",""11-F"",""4 VETA-F"",""VETA"",""I RUN FOR FIND THE CURE"",""20:04:58"",""12:25"",""08:35:11"",""14004"",""F"",""""";
"148,""48"",""Eduardo BOADA LODOS"",""https://tenerifebluetrail.com/tracking_datatables/es/runner.html?ev=127&o=947&l=en&m=1410&e=FIN&u=1465705241261&method=ResAtletaUid"",""137"",""61 SEN-M"",""SEN"",""Divertitrail"",""20:13:29"",""12:30"",""08:43:42"",""14008"",""M"",""""";
"149,""185"",""Cesar GONZALEZ GONZALEZ"",""https://tenerifebluetrail.com/tracking_datatables/es/runner.html?ev=127&o=947&l=en&m=1410&e=FIN&u=1465705226413&method=ResAtletaUid"",""138"",""62 SEN-M"",""SEN"",""-"",""20:14:38"",""12:31"",""08:44:51"",""14008"",""M"",""84 LOC-M""";
"150,""18"",""Fernando AGUILAR PEREZ"",""https://tenerifebluetrail.com/tracking_datatables/es/runner.html?ev=127&o=947&l=en&m=1410&e=FIN&u=1466535754736&method=ResAtletaUid"",""139"",""60 VETA-M"",""VETA"",""BUHOTRAIL"",""20:14:55"",""12:31"",""08:45:08"",""14006"",""M"",""85 LOC-M""";
"151,""86"",""Pedro DÁVILA PÉREZ"",""https://tenerifebluetrail.com/tracking_datatables/es/runner.html?ev=127&o=947&l=en&m=1410&e=FIN&u=1466535743230&method=ResAtletaUid"",""140"",""61 VETA-M"",""VETA"",""Búho club"",""20:14:55"",""12:31"",""08:45:08"",""14006"",""M"",""86 LOC-M""";
"152,""258"",""Hans LEMS"",""https://tenerifebluetrail.com/tracking_datatables/es/runner.html?ev=127&o=947&l=en&m=1410&e=FIN&u=1479998803117&method=ResAtletaUid"",""141"",""15 VETB-M"",""VETB"",""-"",""20:15:03"",""12:31"",""08:45:16"",""14005"",""M"",""""";
"153,""439"",""Javier SÁNCHEZ FELIPE"",""https://tenerifebluetrail.com/tracking_datatables/es/runner.html?ev=127&o=947&l=en&m=1410&e=FIN&u=1465705229267&method=ResAtletaUid"",""142"",""62 VETA-M"",""VETA"",""Tenerife Trail"",""20:15:35"",""12:31"",""08:45:48"",""14006"",""M"",""87 LOC-M""";
"154,""382"",""Félix QUINTERO SACRAMENTO"",""https://tenerifebluetrail.com/tracking_datatables/es/runner.html?ev=127&o=947&l=en&m=1410&e=FIN&u=1465705229488&method=ResAtletaUid"",""143"",""63 VETA-M"",""VETA"",""-"",""20:15:35"",""12:31"",""08:45:48"",""14006"",""M"",""88 LOC-M""";
"155,""443"",""Jacinto SÁNCHEZ VEGA"",""https://tenerifebluetrail.com/tracking_datatables/es/runner.html?ev=127&o=947&l=en&m=1410&e=FIN&u=1465705236021&method=ResAtletaUid"",""144"",""64 VETA-M"",""VETA"",""Tolisco"",""20:19:06"",""12:34"",""08:49:19"",""14006"",""M"",""""";
"156,""179"",""Jesús Iván GONZÁLEZ DÍAZ"",""https://tenerifebluetrail.com/tracking_datatables/es/runner.html?ev=127&o=947&l=en&m=1410&e=FIN&u=1466535754005&method=ResAtletaUid"",""145"",""63 SEN-M"",""SEN"",""-"",""20:19:16"",""12:34"",""08:49:29"",""14008"",""M"",""89 LOC-M""";
"157,""207"",""Esther GORDILLO CONCEPCION"",""https://tenerifebluetrail.com/tracking_datatables/es/runner.html?ev=127&o=947&l=en&m=1410&e=FIN&u=1465705236229&method=ResAtletaUid"",""12-F"",""5 VETA-F"",""VETA"",""-"",""20:24:05"",""12:37"",""08:54:18"",""14004"",""F"",""6 LOC-F""";
"158,""274"",""Michael LORD"",""https://tenerifebluetrail.com/tracking_datatables/es/runner.html?ev=127&o=947&l=en&m=1410&e=FIN&u=1466535740427&method=ResAtletaUid"",""146"",""16 VETB-M"",""VETB"",""C.D.Bichillorunner"",""20:24:26"",""12:37"",""08:54:39"",""14005"",""M"",""""";
"159,""374"",""Antonio Jose POLEO JORGE"",""https://tenerifebluetrail.com/tracking_datatables/es/runner.html?ev=127&o=947&l=en&m=1410&e=FIN&u=1484471401064&method=ResAtletaUid"",""147"",""64 SEN-M"",""SEN"",""Podona trail"",""20:24:26"",""12:37"",""08:54:39"",""14008"",""M"",""90 LOC-M""";
"160,""270"",""Ruben LOPEZ RODRIGUEZ"",""https://tenerifebluetrail.com/tracking_datatables/es/runner.html?ev=127&o=947&l=en&m=1410&e=FIN&u=1466535741093&method=ResAtletaUid"",""148"",""65 SEN-M"",""SEN"",""C.D BASE:TRATECAN"",""20:25:34"",""12:38"",""08:55:47"",""14008"",""M"",""""";
"161,""378"",""Johnny QUINTANA MARTIN"",""https://tenerifebluetrail.com/tracking_datatables/es/runner.html?ev=127&o=947&l=en&m=1410&e=FIN&u=1465705230201&method=ResAtletaUid"",""149"",""65 VETA-M"",""VETA"",""TENERIFE TRAIL"",""20:27:24"",""12:39"",""08:57:37"",""14006"",""M"",""91 LOC-M""";
"162,""471"",""Francisco  TRUJILLO MARTIN"",""https://tenerifebluetrail.com/tracking_datatables/es/runner.html?ev=127&o=947&l=en&m=1410&e=FIN&u=1493152721732&method=ResAtletaUid"",""150"",""66 VETA-M"",""VETA"",""TENERIFE CORRE"",""20:31:34"",""12:41"",""09:01:47"",""14006"",""M"",""92 LOC-M""";
"163,""411"",""Ricardo RODRIGUEZ MORALES"",""https://tenerifebluetrail.com/tracking_datatables/es/runner.html?ev=127&o=947&l=en&m=1410&e=FIN&u=1466535750953&method=ResAtletaUid"",""151"",""66 SEN-M"",""SEN"",""Aiiiiiiiadelante Team"",""20:32:50"",""12:42"",""09:03:03"",""14008"",""M"",""93 LOC-M""";
"164,""221"",""José Carlos HERNÁNDEZ BRITO"",""https://tenerifebluetrail.com/tracking_datatables/es/runner.html?ev=127&o=947&l=en&m=1410&e=FIN&u=1466535739537&method=ResAtletaUid"",""152"",""17 VETB-M"",""VETB"",""-"",""20:36:29"",""12:44"",""09:06:42"",""14005"",""M"",""94 LOC-M""";
"165,""91"",""Martín DE LEÓN RODRÍGUEZ"",""https://tenerifebluetrail.com/tracking_datatables/es/runner.html?ev=127&o=947&l=en&m=1410&e=FIN&u=1465705226534&method=ResAtletaUid"",""153"",""67 SEN-M"",""SEN"",""-"",""20:37:33"",""12:45"",""09:07:46"",""14008"",""M"",""95 LOC-M""";
"166,""107"",""Ivan Alberto  DÍAZ GONZÁLEZ"",""https://tenerifebluetrail.com/tracking_datatables/es/runner.html?ev=127&o=947&l=en&m=1410&e=FIN&u=1465705225750&method=ResAtletaUid"",""154"",""68 SEN-M"",""SEN"",""TRAIL SHOP CANARY ISLAND."",""20:37:33"",""12:45"",""09:07:46"",""14008"",""M"",""96 LOC-M""";
"167,""144"",""Daniel GALVAN HERNANDEZ"",""https://tenerifebluetrail.com/tracking_datatables/es/runner.html?ev=127&o=947&l=en&m=1410&e=FIN&u=1466535746309&method=ResAtletaUid"",""155"",""67 VETA-M"",""VETA"",""Picapinos Trail"",""20:39:45"",""12:46"",""09:09:58"",""14006"",""M"",""97 LOC-M""";
"168,""404"",""Juan Carlos RODRIGUEZ GARCIA"",""https://tenerifebluetrail.com/tracking_datatables/es/runner.html?ev=127&o=947&l=en&m=1410&e=FIN&u=1465705224755&method=ResAtletaUid"",""156"",""69 SEN-M"",""SEN"",""Tenerife Trail"",""20:41:23"",""12:47"",""09:11:36"",""14008"",""M"",""98 LOC-M""";
"169,""342"",""David PADRÓN GONZÁLEZ"",""https://tenerifebluetrail.com/tracking_datatables/es/runner.html?ev=127&o=947&l=en&m=1410&e=FIN&u=1465705240727&method=ResAtletaUid"",""157"",""68 VETA-M"",""VETA"",""Patea San Borondón Berenicedental"",""20:42:07"",""12:48"",""09:12:20"",""14006"",""M"",""99 LOC-M""";
"170,""416"",""Jose Felipe RODRIGUEZ PARREIRA"",""https://tenerifebluetrail.com/tracking_datatables/es/runner.html?ev=127&o=947&l=en&m=1410&e=FIN&u=1485977305732&method=ResAtletaUid"",""158"",""4 VETC-M"",""VETC"",""HTT Haria"",""20:48:22"",""12:52"",""09:18:35"",""14011"",""M"",""""";
"171,""283"",""Jesús David MACÍAS ALONSO"",""https://tenerifebluetrail.com/tracking_datatables/es/runner.html?ev=127&o=947&l=en&m=1410&e=FIN&u=1465705236860&method=ResAtletaUid"",""159"",""69 VETA-M"",""VETA"",""-"",""20:48:33"",""12:52"",""09:18:46"",""14006"",""M"",""100 LOC-M""";
"172,""194"",""Pedro David GONZALEZ MENDEZ"",""https://tenerifebluetrail.com/tracking_datatables/es/runner.html?ev=127&o=947&l=en&m=1410&e=FIN&u=1466535748295&method=ResAtletaUid"",""160"",""70 VETA-M"",""VETA"",""TENERIFE TRAIL"",""20:48:50"",""12:52"",""09:19:03"",""14006"",""M"",""101 LOC-M""";
"173,""442"",""Daniel SÁNCHEZ SÁNCHEZ"",""https://tenerifebluetrail.com/tracking_datatables/es/runner.html?ev=127&o=947&l=en&m=1410&e=FIN&u=1465705234648&method=ResAtletaUid"",""161"",""70 SEN-M"",""SEN"",""Patea San Borondón Berenicedental"",""20:51:18"",""12:54"",""09:21:31"",""14008"",""M"",""102 LOC-M""";
"174,""365"",""José Carmelo PÉREZ RODRÍGUEZ"",""https://tenerifebluetrail.com/tracking_datatables/es/runner.html?ev=127&o=947&l=en&m=1410&e=FIN&u=1465705242223&method=ResAtletaUid"",""162"",""71 VETA-M"",""VETA"",""C.D. CARUCAT"",""20:52:28"",""12:54"",""09:22:41"",""14006"",""M"",""""";
"175,""142"",""Romina FURNARI CAVAILLÉ"",""https://tenerifebluetrail.com/tracking_datatables/es/runner.html?ev=127&o=947&l=en&m=1410&e=FIN&u=1465705239967&method=ResAtletaUid"",""13-F"",""6 VETA-F"",""VETA"",""CARUCAT"",""20:52:28"",""12:54"",""09:22:41"",""14004"",""F"",""""";
"176,""171"",""Pedro Antonio GOMEZ GONZALEZ"",""https://tenerifebluetrail.com/tracking_datatables/es/runner.html?ev=127&o=947&l=en&m=1410&e=FIN&u=1466535740050&method=ResAtletaUid"",""163"",""72 VETA-M"",""VETA"",""CASA FITO CHIMICHE"",""20:56:55"",""12:57"",""09:27:08"",""14006"",""M"",""103 LOC-M""";
"177,""489"",""Juan Manuel TORRES RODRÍGUEZ"",""https://tenerifebluetrail.com/tracking_datatables/es/runner.html?ev=127&o=947&l=en&m=1410&e=FIN&u=1496704668597&method=ResAtletaUid"",""164"",""73 VETA-M"",""VETA"",""-"",""20:57:05"",""12:57"",""09:27:18"",""14006"",""M"",""104 LOC-M""";
"178,""315"",""Juan Carlos MENDEZ GONZALEZ"",""https://tenerifebluetrail.com/tracking_datatables/es/runner.html?ev=127&o=947&l=en&m=1410&e=FIN&u=1477586106244&method=ResAtletaUid"",""165"",""71 SEN-M"",""SEN"",""MEGAPLUS - EVASION RUNNING VILANOVA"",""20:57:29"",""12:57"",""09:27:42"",""14008"",""M"",""""";
"179,""418"",""Natalia RODRIGUEZ PEREZ"",""https://tenerifebluetrail.com/tracking_datatables/es/runner.html?ev=127&o=947&l=en&m=1410&e=FIN&u=1477586106256&method=ResAtletaUid"",""14-F"",""5 SEN-F"",""SEN"",""RUMORE TEAM"",""20:57:29"",""12:57"",""09:27:42"",""14001"",""F"",""""";
"180,""233"",""José Manuel  HERNÁNDEZ LINARES"",""https://tenerifebluetrail.com/tracking_datatables/es/runner.html?ev=127&o=947&l=en&m=1410&e=FIN&u=1465705225088&method=ResAtletaUid"",""166"",""74 VETA-M"",""VETA"",""URBANRUNN"",""21:02:27"",""13:00"",""09:32:40"",""14006"",""M"",""105 LOC-M""";
"181,""65"",""Víctor CAÑADILLAS DE LA CRUZ"",""https://tenerifebluetrail.com/tracking_datatables/es/runner.html?ev=127&o=947&l=en&m=1410&e=FIN&u=1465705228260&method=ResAtletaUid"",""167"",""18 VETB-M"",""VETB"",""Grupo Logistico XVI"",""21:04:11"",""13:01"",""09:34:24"",""14005"",""M"",""7 MIL-M""";
"182,""350"",""Antonio PEREZ BARROSO"",""https://tenerifebluetrail.com/tracking_datatables/es/runner.html?ev=127&o=947&l=en&m=1410&e=FIN&u=1466535751387&method=ResAtletaUid"",""168"",""19 VETB-M"",""VETB"",""BLUETRAILEROS"",""21:07:25"",""13:03"",""09:37:38"",""14005"",""M"",""106 LOC-M""";
"183,""41"",""Pedro Manuel  BELLO GARCÍA"",""https://tenerifebluetrail.com/tracking_datatables/es/runner.html?ev=127&o=947&l=en&m=1410&e=FIN&u=1466535743252&method=ResAtletaUid"",""169"",""75 VETA-M"",""VETA"",""BLUETRAILEROS"",""21:07:27"",""13:03"",""09:37:40"",""14006"",""M"",""107 LOC-M""";
"184,""143"",""Cristina GAISSE HERRERO"",""https://tenerifebluetrail.com/tracking_datatables/es/runner.html?ev=127&o=947&l=en&m=1410&e=FIN&u=1478806369838&method=ResAtletaUid"",""15-F"",""7 VETA-F"",""VETA"",""Camelias"",""21:08:12"",""13:04"",""09:38:25"",""14004"",""F"",""""";
"185,""56"",""Yaiza CABRERA GARCIA"",""https://tenerifebluetrail.com/tracking_datatables/es/runner.html?ev=127&o=947&l=en&m=1410&e=FIN&u=1465705231287&method=ResAtletaUid"",""16-F"",""8 VETA-F"",""VETA"",""PODENCOS TRAIL TEAM"",""21:10:08"",""13:05"",""09:40:21"",""14004"",""F"",""""";
"186,""448"",""Victor SANZ MORENO"",""https://tenerifebluetrail.com/tracking_datatables/es/runner.html?ev=127&o=947&l=en&m=1410&e=FIN&u=1469638128145&method=ResAtletaUid"",""170"",""76 VETA-M"",""VETA"",""-"",""21:12:23"",""13:07"",""09:42:36"",""14006"",""M"",""""";
"187,""249"",""Francisco JUNCO EZQUERRA"",""https://tenerifebluetrail.com/tracking_datatables/es/runner.html?ev=127&o=947&l=en&m=1410&e=FIN&u=1466535752662&method=ResAtletaUid"",""171"",""20 VETB-M"",""VETB"",""LOS CORREGÜELAS"",""21:14:30"",""13:08"",""09:44:43"",""14005"",""M"",""""";
"188,""103"",""Jonathan DIAZ ABREU"",""https://tenerifebluetrail.com/tracking_datatables/es/runner.html?ev=127&o=947&l=en&m=1410&e=FIN&u=1465705238709&method=ResAtletaUid"",""172"",""72 SEN-M"",""SEN"",""RENDIRSE NO ES UNA OPCIÓN"",""21:14:51"",""13:08"",""09:45:04"",""14008"",""M"",""108 LOC-M""";
"189,""140"",""Santi FRÍAS DÍAZ"",""https://tenerifebluetrail.com/tracking_datatables/es/runner.html?ev=127&o=947&l=en&m=1410&e=FIN&u=1465705232983&method=ResAtletaUid"",""173"",""77 VETA-M"",""VETA"",""PATEA SAN BORONDÓN"",""21:14:52"",""13:08"",""09:45:05"",""14006"",""M"",""109 LOC-M""";
"190,""423"",""Xerach RODRÍGUEZ SANTANA"",""https://tenerifebluetrail.com/tracking_datatables/es/runner.html?ev=127&o=947&l=en&m=1410&e=FIN&u=1484726681278&method=ResAtletaUid"",""174"",""73 SEN-M"",""SEN"",""club Veredas atauro"",""21:17:18"",""13:10"",""09:47:31"",""14008"",""M"",""""";
"191,""307"",""Victoriano Lorenzo MARTINEZ MOLINA"",""https://tenerifebluetrail.com/tracking_datatables/es/runner.html?ev=127&o=947&l=en&m=1410&e=FIN&u=1465705226047&method=ResAtletaUid"",""175"",""78 VETA-M"",""VETA"",""educere sport"",""21:17:20"",""13:10"",""09:47:33"",""14006"",""M"",""110 LOC-M""";
"192,""215"",""Christian  GUTIERREZ SAMUELSSON"",""https://tenerifebluetrail.com/tracking_datatables/es/runner.html?ev=127&o=947&l=en&m=1410&e=FIN&u=1486801859582&method=ResAtletaUid"",""176"",""79 VETA-M"",""VETA"",""-"",""21:22:15"",""13:13"",""09:52:28"",""14006"",""M"",""""";
"193,""60"",""Juan Bta CALABUIG BELDA"",""https://tenerifebluetrail.com/tracking_datatables/es/runner.html?ev=127&o=947&l=en&m=1410&e=FIN&u=1493276020337&method=ResAtletaUid"",""177"",""80 VETA-M"",""VETA"",""Trivici banyeres"",""21:23:50"",""13:14"",""09:54:03"",""14006"",""M"",""""";
"194,""271"",""Isaías José LÓPEZ RODRÍGUEZ"",""https://tenerifebluetrail.com/tracking_datatables/es/runner.html?ev=127&o=947&l=en&m=1410&e=FIN&u=1465705233276&method=ResAtletaUid"",""178"",""81 VETA-M"",""VETA"",""TENERIFE MAMUT TRAIL"",""21:25:14"",""13:14"",""09:55:27"",""14006"",""M"",""111 LOC-M""";
"195,""347"",""Mihai PANTIS"",""https://tenerifebluetrail.com/tracking_datatables/es/runner.html?ev=127&o=947&l=en&m=1410&e=FIN&u=1482050863407&method=ResAtletaUid"",""179"",""74 SEN-M"",""SEN"",""Ro Club Maraton"",""21:33:21"",""13:20"",""10:03:34"",""14008"",""M"",""""";
"196,""95"",""David DELGADO GARCIA"",""https://tenerifebluetrail.com/tracking_datatables/es/runner.html?ev=127&o=947&l=en&m=1410&e=FIN&u=1465705235522&method=ResAtletaUid"",""180"",""82 VETA-M"",""VETA"",""-"",""21:38:32"",""13:23"",""10:08:45"",""14006"",""M"",""112 LOC-M""";
"197,""199"",""Enzo GONZÁLEZ RODRÍGUEZ"",""https://tenerifebluetrail.com/tracking_datatables/es/runner.html?ev=127&o=947&l=en&m=1410&e=FIN&u=1465705240637&method=ResAtletaUid"",""181"",""83 VETA-M"",""VETA"",""Posturitas Trail Shop"",""21:39:05"",""13:23"",""10:09:18"",""14006"",""M"",""113 LOC-M""";
"198,""401"",""Sergio RODRÍGUEZ BRITO"",""https://tenerifebluetrail.com/tracking_datatables/es/runner.html?ev=127&o=947&l=en&m=1410&e=FIN&u=1465705231244&method=ResAtletaUid"",""182"",""84 VETA-M"",""VETA"",""PICHON TRAIL PROJECT"",""21:39:05"",""13:23"",""10:09:18"",""14006"",""M"",""114 LOC-M""";
"199,""387"",""Humberto RAMOS RAMOS"",""https://tenerifebluetrail.com/tracking_datatables/es/runner.html?ev=127&o=947&l=en&m=1410&e=FIN&u=1479998803256&method=ResAtletaUid"",""183"",""85 VETA-M"",""VETA"",""Aiiiiiiiadelante Team"",""21:39:05"",""13:23"",""10:09:18"",""14006"",""M"",""115 LOC-M""";
"200,""120"",""Miguel Angel ESCALERA CASTRO"",""https://tenerifebluetrail.com/tracking_datatables/es/runner.html?ev=127&o=947&l=en&m=1410&e=FIN&u=1466535741660&method=ResAtletaUid"",""184"",""86 VETA-M"",""VETA"",""C.D. HISPATRAIL-TRAINING MARKET"",""21:39:21"",""13:23"",""10:09:34"",""14006"",""M"",""8 MIL-M""";
"201,""278"",""Andres Martin LOZANO GRIJOTA"",""https://tenerifebluetrail.com/tracking_datatables/es/runner.html?ev=127&o=947&l=en&m=1410&e=FIN&u=1478806356152&method=ResAtletaUid"",""185"",""87 VETA-M"",""VETA"",""CD HISPATRAIL TRAININGMARKET"",""21:39:22"",""13:23"",""10:09:35"",""14006"",""M"",""9 MIL-M""";
"202,""455"",""Luis SOLANO BENITEZ"",""https://tenerifebluetrail.com/tracking_datatables/es/runner.html?ev=127&o=947&l=en&m=1410&e=FIN&u=1466535740526&method=ResAtletaUid"",""186"",""88 VETA-M"",""VETA"",""HISPATRAIL SEVILLA"",""21:39:23"",""13:23"",""10:09:36"",""14006"",""M"",""""";
"203,""317"",""Violeta MENESES NAVARRO"",""https://tenerifebluetrail.com/tracking_datatables/es/runner.html?ev=127&o=947&l=en&m=1410&e=FIN&u=1487884356050&method=ResAtletaUid"",""17-F"",""4 VETB-F"",""VETB"",""CAVTENERIFE"",""21:41:20"",""13:24"",""10:11:33"",""14002"",""F"",""7 LOC-F""";
"204,""472"",""Francisco Conrado TRUJILLO SUAREZ"",""https://tenerifebluetrail.com/tracking_datatables/es/runner.html?ev=127&o=947&l=en&m=1410&e=FIN&u=1467820444025&method=ResAtletaUid"",""187"",""75 SEN-M"",""SEN"",""C.M. SAMARA ISORA"",""21:41:26"",""13:25"",""10:11:39"",""14008"",""M"",""116 LOC-M""";
"205,""476"",""Erwin VAN BROEKHOVEN"",""https://tenerifebluetrail.com/tracking_datatables/es/runner.html?ev=127&o=947&l=en&m=1410&e=FIN&u=1469638135194&method=ResAtletaUid"",""188"",""76 SEN-M"",""SEN"",""-"",""21:42:28"",""13:25"",""10:12:41"",""14008"",""M"",""""";
"206,""111"",""Marceliano DÍAZ RODRÍGUEZ"",""https://tenerifebluetrail.com/tracking_datatables/es/runner.html?ev=127&o=947&l=en&m=1410&e=FIN&u=1465705237074&method=ResAtletaUid"",""189"",""21 VETB-M"",""VETB"",""ATLANTES TRAIL"",""21:43:18"",""13:26"",""10:13:31"",""14005"",""M"",""117 LOC-M""";
"207,""310"",""Martin MEDINA NODA"",""https://tenerifebluetrail.com/tracking_datatables/es/runner.html?ev=127&o=947&l=en&m=1410&e=FIN&u=1466535753108&method=ResAtletaUid"",""190"",""89 VETA-M"",""VETA"",""C.D.LANZARUNNING PLAYA HONDA"",""21:45:31"",""13:27"",""10:15:44"",""14006"",""M"",""""";
"208,""285"",""Christophe MARQUET"",""https://tenerifebluetrail.com/tracking_datatables/es/runner.html?ev=127&o=947&l=en&m=1410&e=FIN&u=1487884355943&method=ResAtletaUid"",""191"",""22 VETB-M"",""VETB"",""ESPARTANOS DUC DE FOIX"",""21:45:51"",""13:27"",""10:16:04"",""14005"",""M"",""""";
"209,""286"",""(thony) Jose Antonio MARRERO CHINEA"",""https://tenerifebluetrail.com/tracking_datatables/es/runner.html?ev=127&o=947&l=en&m=1410&e=FIN&u=1465705237245&method=ResAtletaUid"",""192"",""90 VETA-M"",""VETA"",""Patea San Borondon"",""21:45:56"",""13:27"",""10:16:09"",""14006"",""M"",""118 LOC-M""";
"210,""474"",""Jonathan VALENCIA MEDINA"",""https://tenerifebluetrail.com/tracking_datatables/es/runner.html?ev=127&o=947&l=en&m=1410&e=FIN&u=1465705233787&method=ResAtletaUid"",""193"",""77 SEN-M"",""SEN"",""Agaeterun"",""21:46:27"",""13:28"",""10:16:40"",""14008"",""M"",""""";
"211,""400"",""Miguel Angel RODRIGUEZ BRITO"",""https://tenerifebluetrail.com/tracking_datatables/es/runner.html?ev=127&o=947&l=en&m=1410&e=FIN&u=1466535744236&method=ResAtletaUid"",""194"",""78 SEN-M"",""SEN"",""Retamar"",""21:51:03"",""13:30"",""10:21:16"",""14008"",""M"",""""";
"212,""268"",""Jéssica  LÓPEZ MESA"",""https://tenerifebluetrail.com/tracking_datatables/es/runner.html?ev=127&o=947&l=en&m=1410&e=FIN&u=1492064095501&method=ResAtletaUid"",""18-F"",""6 SEN-F"",""SEN"",""-"",""21:58:09"",""13:35"",""10:28:22"",""14001"",""F"",""8 LOC-F""";
"213,""269"",""Merci LÓPEZ MESA"",""https://tenerifebluetrail.com/tracking_datatables/es/runner.html?ev=127&o=947&l=en&m=1410&e=FIN&u=1482050863949&method=ResAtletaUid"",""19-F"",""9 VETA-F"",""VETA"",""Kuro Obi Tegueste"",""21:58:09"",""13:35"",""10:28:22"",""14004"",""F"",""9 LOC-F""";
"214,""87"",""Eduardo DE LA GUARDIA"",""https://tenerifebluetrail.com/tracking_datatables/es/runner.html?ev=127&o=947&l=en&m=1410&e=FIN&u=1467820441897&method=ResAtletaUid"",""195"",""91 VETA-M"",""VETA"",""ZONA ABORIGEN"",""22:00:16"",""13:36"",""10:30:29"",""14006"",""M"",""10 MIL-M";"119 LOC-M"""
"215,""433"",""Juan Miguel RUIZ RUBAL"",""https://tenerifebluetrail.com/tracking_datatables/es/runner.html?ev=127&o=947&l=en&m=1410&e=FIN&u=1494721565082&method=ResAtletaUid"",""196"",""92 VETA-M"",""VETA"",""BRIFOR"",""22:00:37"",""13:36"",""10:30:50"",""14006"",""M"",""120 LOC-M""";
"216,""155"",""Juan SIREROL GÓMEZ"",""https://tenerifebluetrail.com/tracking_datatables/es/runner.html?ev=127&o=947&l=en&m=1410&e=FIN&u=1465705227155&method=ResAtletaUid"",""197"",""93 VETA-M"",""VETA"",""TEAM obaya"",""22:05:45"",""13:40"",""10:35:58"",""14006"",""M"",""""";
"217,""33"",""Arturo BALFEGO"",""https://tenerifebluetrail.com/tracking_datatables/es/runner.html?ev=127&o=947&l=en&m=1410&e=FIN&u=1479998821758&method=ResAtletaUid"",""198"",""94 VETA-M"",""VETA"",""INDEPENDENCIA LA CALA"",""22:05:45"",""13:40"",""10:35:58"",""14006"",""M"",""""";
"218,""369"",""Salva PILES MARTIN"",""https://tenerifebluetrail.com/tracking_datatables/es/runner.html?ev=127&o=947&l=en&m=1410&e=FIN&u=1485451220029&method=ResAtletaUid"",""199"",""79 SEN-M"",""SEN"",""La Font de les Runners"",""22:07:18"",""13:41"",""10:37:31"",""14008"",""M"",""""";
"219,""368"",""Miguel Angel PERIÑAN SIERRA"",""https://tenerifebluetrail.com/tracking_datatables/es/runner.html?ev=127&o=947&l=en&m=1410&e=FIN&u=1465705240509&method=ResAtletaUid"",""200"",""95 VETA-M"",""VETA"",""asociación deportiva sherypol"",""22:14:28"",""13:45"",""10:44:41"",""14006"",""M"",""""";
"220,""96"",""Julian DELGADO GONZALEZ"",""https://tenerifebluetrail.com/tracking_datatables/es/runner.html?ev=127&o=947&l=en&m=1410&e=FIN&u=1465705235588&method=ResAtletaUid"",""201"",""96 VETA-M"",""VETA"",""ficus trail"",""22:14:50"",""13:45"",""10:45:03"",""14006"",""M"",""121 LOC-M""";
"221,""135"",""Javier FERNÁNDEZ RODRÍGUEZ"",""https://tenerifebluetrail.com/tracking_datatables/es/runner.html?ev=127&o=947&l=en&m=1410&e=FIN&u=1465705235864&method=ResAtletaUid"",""202"",""97 VETA-M"",""VETA"",""ATLEFULCA"",""22:17:58"",""13:47"",""10:48:11"",""14006"",""M"",""""";
"222,""235"",""José Ignacio  HERNÁNDEZ MESA"",""https://tenerifebluetrail.com/tracking_datatables/es/runner.html?ev=127&o=947&l=en&m=1410&e=FIN&u=1465705225826&method=ResAtletaUid"",""203"",""98 VETA-M"",""VETA"",""Urbanrunn"",""22:21:26"",""13:49"",""10:51:39"",""14006"",""M"",""122 LOC-M""";
"223,""118"",""Marjorie Isabelle DUCHATEAU"",""https://tenerifebluetrail.com/tracking_datatables/es/runner.html?ev=127&o=947&l=en&m=1410&e=FIN&u=1465705227770&method=ResAtletaUid"",""20-F"",""7 SEN-F"",""SEN"",""URBANRUNN"",""22:21:26"",""13:49"",""10:51:39"",""14001"",""F"",""10 LOC-F""";
"224,""299"",""Luis MARTÍN MARRERO"",""https://tenerifebluetrail.com/tracking_datatables/es/runner.html?ev=127&o=947&l=en&m=1410&e=FIN&u=1467820442163&method=ResAtletaUid"",""204"",""99 VETA-M"",""VETA"",""Trimakina"",""22:24:03"",""13:51"",""10:54:16"",""14006"",""M"",""""";
"225,""306"",""Cesar MARTINEZ MIERA"",""https://tenerifebluetrail.com/tracking_datatables/es/runner.html?ev=127&o=947&l=en&m=1410&e=FIN&u=1487884329954&method=ResAtletaUid"",""205"",""80 SEN-M"",""SEN"",""MTB Cabuerniga"",""22:25:01"",""13:51"",""10:55:14"",""14008"",""M"",""""";
"226,""257"",""Peter LEMON"",""https://tenerifebluetrail.com/tracking_datatables/es/runner.html?ev=127&o=947&l=en&m=1410&e=FIN&u=1478806358608&method=ResAtletaUid"",""206"",""23 VETB-M"",""VETB"",""100 MARATHON CLUB"",""22:29:37"",""13:54"",""10:59:50"",""14005"",""M"",""""";
"227,""297"",""Francisco Miguel  MARTÍN HERNÁNDEZ"",""https://tenerifebluetrail.com/tracking_datatables/es/runner.html?ev=127&o=947&l=en&m=1410&e=FIN&u=1465705225070&method=ResAtletaUid"",""207"",""100 VETA-M"",""VETA"",""Studio 54 interspor"",""22:35:59"",""13:58"",""11:06:12"",""14006"",""M"",""123 LOC-M""";
"228,""341"",""Juan Jose  PACHECO GONZÁLEZ"",""https://tenerifebluetrail.com/tracking_datatables/es/runner.html?ev=127&o=947&l=en&m=1410&e=FIN&u=1465705228433&method=ResAtletaUid"",""208"",""24 VETB-M"",""VETB"",""Clator 3.7"",""22:41:50"",""14:02"",""11:12:03"",""14005"",""M"",""124 LOC-M""";
"229,""189"",""Josué  GONZÁLEZ LUIS"",""https://tenerifebluetrail.com/tracking_datatables/es/runner.html?ev=127&o=947&l=en&m=1410&e=FIN&u=1465705235655&method=ResAtletaUid"",""209"",""81 SEN-M"",""SEN"",""ROCTRAIL TEAM"",""22:46:19"",""14:05"",""11:16:32"",""14008"",""M"",""125 LOC-M""";
"230,""242"",""Arturo Guillermo HERRERA DE LEÓN"",""https://tenerifebluetrail.com/tracking_datatables/es/runner.html?ev=127&o=947&l=en&m=1410&e=FIN&u=1465705237452&method=ResAtletaUid"",""210"",""101 VETA-M"",""VETA"",""CAMBATE LAS PATAS"",""22:46:20"",""14:05"",""11:16:33"",""14006"",""M"",""126 LOC-M""";
"231,""105"",""Domingo DÍAZ GARCÍA"",""https://tenerifebluetrail.com/tracking_datatables/es/runner.html?ev=127&o=947&l=en&m=1410&e=FIN&u=1466535745893&method=ResAtletaUid"",""211"",""25 VETB-M"",""VETB"",""TRICOTA"",""22:52:27"",""14:08"",""11:22:40"",""14005"",""M"",""127 LOC-M""";
"232,""354"",""Silvia PEREZ DELGADO"",""https://tenerifebluetrail.com/tracking_datatables/es/runner.html?ev=127&o=947&l=en&m=1410&e=FIN&u=1489090556974&method=ResAtletaUid"",""21-F"",""10 VETA-F"",""VETA"",""ARCHIPIÉLAGO TRAIL"",""22:52:33"",""14:09"",""11:22:46"",""14004"",""F"",""11 LOC-F""";
"233,""97"",""Cristofer DELGADO PÉREZ"",""https://tenerifebluetrail.com/tracking_datatables/es/runner.html?ev=127&o=947&l=en&m=1410&e=FIN&u=1472256314929&method=ResAtletaUid"",""212"",""82 SEN-M"",""SEN"",""ARCHIPIELAGO TRAIL"",""22:52:34"",""14:09"",""11:22:47"",""14008"",""M"",""128 LOC-M""";
"234,""241"",""Moises HERNÁNDEZ VIERA"",""https://tenerifebluetrail.com/tracking_datatables/es/runner.html?ev=127&o=947&l=en&m=1410&e=FIN&u=1466535740855&method=ResAtletaUid"",""213"",""83 SEN-M"",""SEN"",""ARCHIPIELAGO TRAIL"",""22:52:34"",""14:09"",""11:22:47"",""14008"",""M"",""129 LOC-M""";
"235,""338"",""Miguel Angel  ORTEGA SANCHEZ"",""https://tenerifebluetrail.com/tracking_datatables/es/runner.html?ev=127&o=947&l=en&m=1410&e=FIN&u=1472256315996&method=ResAtletaUid"",""214"",""102 VETA-M"",""VETA"",""Arista"",""22:53:28"",""14:09"",""11:23:41"",""14006"",""M"",""""";
